id,team_id,name,position,shirt_number,height_cm,dob,nationality,photo_url,created_at,updated_at,market_value,media_urls,nationality_code
1d971412-f049-4966-854e-6c0da9ddaac9,539cc6fb-d79a-449b-be23-1271355bd727,Amr Abdulfattah (Amoory),Forward,10,170,1996-11-07,Egypt,,2026-08-05 22:18:19.02108+00,2026-08-05 22:18:31.56398+00,230000,{},EG
68d0ff83-99f8-42f8-a8d8-9333b5eee5c7,539cc6fb-d79a-449b-be23-1271355bd727,Fahad Hamoud,Defender,13,,1990-10-03,Kuwait,https://ontmfbptthwipfzlywwh.supabase.co/storage/v1/object/sign/player-photos/2898534a-c3c9-45b7-bf02-56445321fed2.png?token=eyJraWQiOiJzdG9yYWdlLXVybC1zaWduaW5nLWtleV9hODVlNGZkYi1iOWRjLTQ2NWUtOGNiNy0xZjRiZmY0OWJiMjciLCJhbGciOiJIUzI1NiJ9.eyJ1cmwiOiJwbGF5ZXItcGhvdG9zLzI4OTg1MzRhLWMzYzktNDViNy1iZjAyLTU2NDQ1MzIxZmVkMi5wbmciLCJzY29wZSI6ImRvd25sb2FkIiwiaWF0IjoxNzg2NDU2NDM2LCJleHAiOjE5NDQxMzY0MzZ9.X9zzOcGsvf9Jc8vT_XZ_exYWRQrhMNa6H78I_yx5-qs,2026-08-05 20:54:54.712703+00,2026-08-11 13:54:00.996064+00,130000,{},KW
e0f99a91-4be5-4047-8b52-2c063f5fe08a,539cc6fb-d79a-449b-be23-1271355bd727,Malik Zola,Defender,35,183,1996-02-23,Congo - Kinshasa,https://ontmfbptthwipfzlywwh.supabase.co/storage/v1/object/sign/player-photos/18c7e156-3987-4bea-b83d-f5ff3494764f.png?token=eyJraWQiOiJzdG9yYWdlLXVybC1zaWduaW5nLWtleV9hODVlNGZkYi1iOWRjLTQ2NWUtOGNiNy0xZjRiZmY0OWJiMjciLCJhbGciOiJIUzI1NiJ9.eyJ1cmwiOiJwbGF5ZXItcGhvdG9zLzE4YzdlMTU2LTM5ODctNGJlYS1iODNkLWY1ZmYzNDk0NzY0Zi5wbmciLCJzY29wZSI6ImRvd25sb2FkIiwiaWF0IjoxNzg2NDU2NTQwLCJleHAiOjE5NDQxMzY1NDB9.rE2DRKyschK8ywO1zK7gqVmV89jplsqfi4rseQw2ZZE,2026-08-05 20:56:47.153638+00,2026-08-11 13:55:58.593716+00,525000,{},CD
b445f275-8417-46a0-8955-4a5cb721e7f4,539cc6fb-d79a-449b-be23-1271355bd727,Ahmad Al Dhefiri,Midfielder,8,178,1992-01-08,Kuwait,https://ontmfbptthwipfzlywwh.supabase.co/storage/v1/object/sign/player-photos/457eb917-27cc-45bb-af96-a203deba51b2.png?token=eyJraWQiOiJzdG9yYWdlLXVybC1zaWduaW5nLWtleV9hODVlNGZkYi1iOWRjLTQ2NWUtOGNiNy0xZjRiZmY0OWJiMjciLCJhbGciOiJIUzI1NiJ9.eyJ1cmwiOiJwbGF5ZXItcGhvdG9zLzQ1N2ViOTE3LTI3Y2MtNDViYi1hZjk2LWEyMDNkZWJhNTFiMi5wbmciLCJzY29wZSI6ImRvd25sb2FkIiwiaWF0IjoxNzg2NDU2NzI3LCJleHAiOjE5NDQxMzY3Mjd9.PZnkQUliWIw4g_BvzNA3lgndeQpTreybtO-ZMgMq5rY,2026-08-05 22:15:30.774874+00,2026-08-11 13:58:53.34679+00,220000,{},KW
97b24dde-8910-4ec7-bbc7-d0a21568d126,539cc6fb-d79a-449b-be23-1271355bd727,Humoud Al Sanousi,Midfielder,72,,2003-05-02,Kuwait,https://ontmfbptthwipfzlywwh.supabase.co/storage/v1/object/sign/player-photos/7ebf2292-bd53-4a3d-a262-d969553a7de6.png?token=eyJraWQiOiJzdG9yYWdlLXVybC1zaWduaW5nLWtleV9hODVlNGZkYi1iOWRjLTQ2NWUtOGNiNy0xZjRiZmY0OWJiMjciLCJhbGciOiJIUzI1NiJ9.eyJ1cmwiOiJwbGF5ZXItcGhvdG9zLzdlYmYyMjkyLWJkNTMtNGEzZC1hMjYyLWQ5Njk1NTNhN2RlNi5wbmciLCJzY29wZSI6ImRvd25sb2FkIiwiaWF0IjoxNzg2NDU3MDkyLCJleHAiOjE5NDQxMzcwOTJ9.bZe1f_soXMcQT2f84twZFp0GOeexK5kccZDscL-8ouM,2026-08-05 22:15:57.122052+00,2026-08-11 14:04:57.456883+00,,{},KW
5d3e9c13-b71e-48aa-a3f1-61ec26cccb58,073cfa17-037f-4b8b-a79a-aeb5dbee9a40,Mohammad Al Faresi,Defender,,,1992-03-17,Kuwait,,2026-08-21 20:02:00.097669+00,2026-08-21 20:02:00.995051+00,,{},KW
d55ea43f-7d32-482c-afd5-84350d9823d0,539cc6fb-d79a-449b-be23-1271355bd727,Yousef Nasser,Forward,20,175,1990-10-09,Kuwait,https://ontmfbptthwipfzlywwh.supabase.co/storage/v1/object/sign/player-photos/1b88c038-5298-47b4-8782-8a5cd9f0809a.png?token=eyJraWQiOiJzdG9yYWdlLXVybC1zaWduaW5nLWtleV9hODVlNGZkYi1iOWRjLTQ2NWUtOGNiNy0xZjRiZmY0OWJiMjciLCJhbGciOiJIUzI1NiJ9.eyJ1cmwiOiJwbGF5ZXItcGhvdG9zLzFiODhjMDM4LTUyOTgtNDdiNC04NzgyLThhNWNkOWYwODA5YS5wbmciLCJzY29wZSI6ImRvd25sb2FkIiwiaWF0IjoxNzg2NDU3NjE3LCJleHAiOjE5NDQxMzc2MTd9.cpjY9M33LJXSmBpEK6WWqHt5S3asvuKOuWZlaCSpXqo,2026-08-05 22:25:38.796044+00,2026-08-11 14:13:42.773875+00,165000,{},KW
0a0dce86-75cb-408c-96f9-01f85cff9c22,539cc6fb-d79a-449b-be23-1271355bd727,Meshari Ghanam,Defender,3,,1998-09-15,Kuwait,https://ontmfbptthwipfzlywwh.supabase.co/storage/v1/object/sign/player-photos/63a7ad7b-4ddc-4c57-abfc-afd10a2534ca.png?token=eyJraWQiOiJzdG9yYWdlLXVybC1zaWduaW5nLWtleV9hODVlNGZkYi1iOWRjLTQ2NWUtOGNiNy0xZjRiZmY0OWJiMjciLCJhbGciOiJIUzI1NiJ9.eyJ1cmwiOiJwbGF5ZXItcGhvdG9zLzYzYTdhZDdiLTRkZGMtNGM1Ny1hYmZjLWFmZDEwYTI1MzRjYS5wbmciLCJzY29wZSI6ImRvd25sb2FkIiwiaWF0IjoxNzg2NDU2Mjk1LCJleHAiOjE5NDQxMzYyOTV9.t_NkSGcw5X7Z2_8OmaYwwgbEqa8_VxmYDYTqYr9xqvU,2026-08-05 22:10:52.225564+00,2026-08-11 13:51:42.857763+00,240000,{},KW
02c2dfe1-ae27-4cc8-b87a-d0518b804b5c,539cc6fb-d79a-449b-be23-1271355bd727,Mohsen Falah,Defender,12,,2004-11-10,Kuwait,,2026-08-05 22:12:56.588011+00,2026-08-11 13:53:30.73072+00,,{},KW
4ceee15e-a222-489c-b205-f9e8fc33ea0a,539cc6fb-d79a-449b-be23-1271355bd727,Mohammad Freih,Defender,23,175,1988-11-24,Kuwait,,2026-08-05 22:11:28.448214+00,2026-08-11 13:55:07.559965+00,,{},KW
c32651eb-cff6-423d-b6e9-2726da054a62,539cc6fb-d79a-449b-be23-1271355bd727,Faris Ali Fadhel,Forward,50,,,Kuwait,https://ontmfbptthwipfzlywwh.supabase.co/storage/v1/object/sign/player-photos/93a19398-a9d5-49e5-a697-44acdfd44a10.png?token=eyJraWQiOiJzdG9yYWdlLXVybC1zaWduaW5nLWtleV9hODVlNGZkYi1iOWRjLTQ2NWUtOGNiNy0xZjRiZmY0OWJiMjciLCJhbGciOiJIUzI1NiJ9.eyJ1cmwiOiJwbGF5ZXItcGhvdG9zLzkzYTE5Mzk4LWE5ZDUtNDllNS1hNjk3LTQ0YWNkZmQ0NGExMC5wbmciLCJzY29wZSI6ImRvd25sb2FkIiwiaWF0IjoxNzg2NDU3Nzk0LCJleHAiOjE5NDQxMzc3OTR9.BrpQ1G-jUQ5zi831yi5OI3cdho2j3EcA6Oq2PKUDr74,2026-08-05 22:26:09.823106+00,2026-08-11 14:16:37.723254+00,,{},KW
25caa895-5904-4a10-977a-048f14a982ac,539cc6fb-d79a-449b-be23-1271355bd727,Khaled Al Rashidi,Goalkeeper,1,185,1987-04-19,Kuwait,,2026-08-05 20:53:19.998288+00,2026-08-11 20:05:53.584917+00,49000,{},KW
f376a8cf-068a-4f8e-8fb4-9db1b64c97d2,a7166bc6-b129-47bb-bc4e-e085b1a2dfcd,Fahad Al Hajeri,Defender,30,186,1991-11-10,Kuwait,,2026-08-15 01:02:53.442706+00,2026-08-15 01:02:55.73531+00,175000,{},KW
fc1f3809-40e4-41d4-952f-df8c496284e2,a7166bc6-b129-47bb-bc4e-e085b1a2dfcd,Nasser Mohammedoh,Midfielder,77,175,1999-05-24,Yemen,,2026-08-15 01:03:54.912033+00,2026-08-15 01:03:55.635551+00,350000,{},YE
a6208544-9fb8-44a5-b37b-a454b35d0b17,4f941a6e-7ce2-416e-b293-7f010c901415,Fahad Al-Omairi,Defender,93,178,2003-04-04,Kuwait,,2026-08-15 19:13:28.061293+00,2026-08-15 19:13:30.337524+00,,{},KW
b13184de-206c-4bb7-919d-a8c94097aab5,539cc6fb-d79a-449b-be23-1271355bd727,Mohammed Marhoon,Midfielder,26,175,1998-02-12,Bahrain,,2026-08-05 22:17:38.70421+00,2026-08-05 22:17:40.742793+00,580000,{},BH
daf2caa1-32de-4c0b-811a-32fc46d2a4c5,539cc6fb-d79a-449b-be23-1271355bd727,Mohammad Daham,Forward,11,178,2000-02-17,Kuwait,,2026-08-05 22:20:58.668413+00,2026-08-05 22:21:01.139613+00,535000,{},KW
ce2155c8-fcd2-4010-a902-2b68d45552cb,4f941a6e-7ce2-416e-b293-7f010c901415,Ahmed Bomaryoum,Midfielder,6,,1997-03-02,Kuwait,,2026-08-15 20:02:45.773625+00,2026-08-15 20:02:45.773625+00,,{},KW
ef81d963-094a-4e2e-8413-85b2eab5566d,4f941a6e-7ce2-416e-b293-7f010c901415,Naif Zuwaid,Forward,,,1991-02-21,Kuwait,,2026-08-16 00:43:28.163753+00,2026-08-16 00:43:28.163753+00,,{},KW
256a3e19-e343-4820-a00d-c6e652b16841,a7166bc6-b129-47bb-bc4e-e085b1a2dfcd,Nasser Falah Lafi,Midfielder,8,168,1999-12-04,Kuwait,,2026-08-15 01:02:37.160599+00,2026-08-19 03:39:47.901519+00,175000,{},KW
87138256-2fd7-40f5-bc35-6e30421bc909,539cc6fb-d79a-449b-be23-1271355bd727,Abdulrahman Kameel,Goalkeeper,40,,2001-03-08,Kuwait,https://ontmfbptthwipfzlywwh.supabase.co/storage/v1/object/sign/player-photos/9995e422-93d9-4ea1-90cd-0f87d62e4c83.png?token=eyJraWQiOiJzdG9yYWdlLXVybC1zaWduaW5nLWtleV9hODVlNGZkYi1iOWRjLTQ2NWUtOGNiNy0xZjRiZmY0OWJiMjciLCJhbGciOiJIUzI1NiJ9.eyJ1cmwiOiJwbGF5ZXItcGhvdG9zLzk5OTVlNDIyLTkzZDktNGVhMS05MGNkLTBmODdkNjJlNGM4My5wbmciLCJzY29wZSI6ImRvd25sb2FkIiwiaWF0IjoxNzg2NDU2MjA5LCJleHAiOjE5NDQxMzYyMDl9.oBetSZjvbSrFxiDGStt9eO5GVh4CUPriCfSCWFUnqa4,2026-08-05 20:54:06.297326+00,2026-08-11 13:50:12.986704+00,145000,{},KW
740e4cb7-7406-4b37-b3c1-cfb76cad65dc,539cc6fb-d79a-449b-be23-1271355bd727,Saud Al Hoshan,Goalkeeper,33,,2000-03-18,Kuwait,https://ontmfbptthwipfzlywwh.supabase.co/storage/v1/object/sign/player-photos/96211a11-34fc-4569-a927-44dc8649accd.png?token=eyJraWQiOiJzdG9yYWdlLXVybC1zaWduaW5nLWtleV9hODVlNGZkYi1iOWRjLTQ2NWUtOGNiNy0xZjRiZmY0OWJiMjciLCJhbGciOiJIUzI1NiJ9.eyJ1cmwiOiJwbGF5ZXItcGhvdG9zLzk2MjExYTExLTM0ZmMtNDU2OS1hOTI3LTQ0ZGM4NjQ5YWNjZC5wbmciLCJzY29wZSI6ImRvd25sb2FkIiwiaWF0IjoxNzg2NDU2MjIzLCJleHAiOjE5NDQxMzYyMjN9.1JqAFw5WtbuKln_POkPxJxfCrKCqkcsl_mF6O4qFC38,2026-08-05 20:51:59.70135+00,2026-08-11 13:50:25.162138+00,215000,{},KW
f6741c6f-192f-4dd5-be3c-633cf3cb38e5,539cc6fb-d79a-449b-be23-1271355bd727,Sami Al Sanea,Defender,2,160,1993-01-09,Kuwait,https://ontmfbptthwipfzlywwh.supabase.co/storage/v1/object/sign/player-photos/16ce2c1f-65bf-4f64-a8f1-63b4ce4b140a.png?token=eyJraWQiOiJzdG9yYWdlLXVybC1zaWduaW5nLWtleV9hODVlNGZkYi1iOWRjLTQ2NWUtOGNiNy0xZjRiZmY0OWJiMjciLCJhbGciOiJIUzI1NiJ9.eyJ1cmwiOiJwbGF5ZXItcGhvdG9zLzE2Y2UyYzFmLTY1YmYtNGY2NC1hOGYxLTYzYjRjZTRiMTQwYS5wbmciLCJzY29wZSI6ImRvd25sb2FkIiwiaWF0IjoxNzg2NDU2MjUzLCJleHAiOjE5NDQxMzYyNTN9.OII9xabiLqTXT9eKpLC74gHeTYV0TD6Ts4X8ZSkGxEg,2026-08-05 22:10:13.703663+00,2026-08-11 13:50:55.875995+00,215000,{},KW
5331dbc7-1501-40df-bef1-fa7d0582d23b,539cc6fb-d79a-449b-be23-1271355bd727,Hassan Hamdan,Defender,44,183,2000-08-31,Kuwait,https://ontmfbptthwipfzlywwh.supabase.co/storage/v1/object/sign/player-photos/33c78779-5e27-48bb-bcad-0915016cf708.png?token=eyJraWQiOiJzdG9yYWdlLXVybC1zaWduaW5nLWtleV9hODVlNGZkYi1iOWRjLTQ2NWUtOGNiNy0xZjRiZmY0OWJiMjciLCJhbGciOiJIUzI1NiJ9.eyJ1cmwiOiJwbGF5ZXItcGhvdG9zLzMzYzc4Nzc5LTVlMjctNDhiYi1iY2FkLTA5MTUwMTZjZjcwOC5wbmciLCJzY29wZSI6ImRvd25sb2FkIiwiaWF0IjoxNzg2NDU2NTkzLCJleHAiOjE5NDQxMzY1OTN9.pgUsNgj4wFrI5qMJquqUW0e_1iz6r6wOw2a2_1GIkw0,2026-08-05 20:55:44.21642+00,2026-08-11 13:56:37.340924+00,210000,{},KW
703f4a74-5637-4c5b-9988-5e73c077e3c9,539cc6fb-d79a-449b-be23-1271355bd727,Reda Hani,Midfielder,4,170,1997-10-27,Kuwait,https://ontmfbptthwipfzlywwh.supabase.co/storage/v1/object/sign/player-photos/a041f94d-2a5d-4a71-9cc5-05709529dd4b.png?token=eyJraWQiOiJzdG9yYWdlLXVybC1zaWduaW5nLWtleV9hODVlNGZkYi1iOWRjLTQ2NWUtOGNiNy0xZjRiZmY0OWJiMjciLCJhbGciOiJIUzI1NiJ9.eyJ1cmwiOiJwbGF5ZXItcGhvdG9zL2EwNDFmOTRkLTJhNWQtNGE3MS05Y2M1LTA1NzA5NTI5ZGQ0Yi5wbmciLCJzY29wZSI6ImRvd25sb2FkIiwiaWF0IjoxNzg2NDU2NjMyLCJleHAiOjE5NDQxMzY2MzJ9.IuWcexBSKgkmwpFlUrVf9Hhm9sTGpa3mhYlWYwrO_68,2026-08-05 22:13:26.311356+00,2026-08-11 13:57:18.670479+00,290000,{},KW
9f12ff61-8e53-4bfe-bcb8-30ce0b28a5d2,539cc6fb-d79a-449b-be23-1271355bd727,Faisal Zaid,Midfielder,9,178,1991-10-08,Kuwait,https://ontmfbptthwipfzlywwh.supabase.co/storage/v1/object/sign/player-photos/578daa27-4612-4b30-8cf6-df1cfa0ab01e.png?token=eyJraWQiOiJzdG9yYWdlLXVybC1zaWduaW5nLWtleV9hODVlNGZkYi1iOWRjLTQ2NWUtOGNiNy0xZjRiZmY0OWJiMjciLCJhbGciOiJIUzI1NiJ9.eyJ1cmwiOiJwbGF5ZXItcGhvdG9zLzU3OGRhYTI3LTQ2MTItNGIzMC04Y2Y2LWRmMWNmYTBhYjAxZS5wbmciLCJzY29wZSI6ImRvd25sb2FkIiwiaWF0IjoxNzg2NDU2NzcxLCJleHAiOjE5NDQxMzY3NzF9.09nwp7IUpnJpfJRKkXfRh2XXTq8o4m7zEXZ4OiIfR_g,2026-08-05 22:14:59.070619+00,2026-08-11 13:59:34.594669+00,145000,{},KW
e0031e55-2f7f-477c-b77c-05cc4cddefbb,539cc6fb-d79a-449b-be23-1271355bd727,Carlinhos Vinicius ,Midfielder,17,178,1994-06-22,Brazil,https://ontmfbptthwipfzlywwh.supabase.co/storage/v1/object/sign/player-photos/939bbc08-61b0-46fd-bd21-5c927e6a8525.png?token=eyJraWQiOiJzdG9yYWdlLXVybC1zaWduaW5nLWtleV9hODVlNGZkYi1iOWRjLTQ2NWUtOGNiNy0xZjRiZmY0OWJiMjciLCJhbGciOiJIUzI1NiJ9.eyJ1cmwiOiJwbGF5ZXItcGhvdG9zLzkzOWJiYzA4LTYxYjAtNDZmZC1iZDIxLTVjOTI3ZTZhODUyNS5wbmciLCJzY29wZSI6ImRvd25sb2FkIiwiaWF0IjoxNzg2NDU2ODA0LCJleHAiOjE5NDQxMzY4MDR9.FEYuiDGoZW2AMcta78wC6r2yNnBQi6w8YrEqx0DBExo,2026-08-05 22:14:28.075067+00,2026-08-11 14:00:10.937947+00,670000,{},BR
397c8278-18de-4767-ae0d-4a278277fd41,539cc6fb-d79a-449b-be23-1271355bd727,Ali Hussain,Midfielder,21,173,2001-08-04,Iran,https://ontmfbptthwipfzlywwh.supabase.co/storage/v1/object/sign/player-photos/f59a63d4-4077-43df-ba77-f954700adc69.png?token=eyJraWQiOiJzdG9yYWdlLXVybC1zaWduaW5nLWtleV9hODVlNGZkYi1iOWRjLTQ2NWUtOGNiNy0xZjRiZmY0OWJiMjciLCJhbGciOiJIUzI1NiJ9.eyJ1cmwiOiJwbGF5ZXItcGhvdG9zL2Y1OWE2M2Q0LTQwNzctNDNkZi1iYTc3LWY5NTQ3MDBhZGM2OS5wbmciLCJzY29wZSI6ImRvd25sb2FkIiwiaWF0IjoxNzg2NDU2OTgxLCJleHAiOjE5NDQxMzY5ODF9.Hd8kKV88bReuI97deJie-_sH2WIdr0wtwlvWYlWmaZQ,2026-08-05 22:12:14.101894+00,2026-08-11 14:03:05.176967+00,130000,{},IR
08beb921-1786-4799-9111-259b8a073e43,539cc6fb-d79a-449b-be23-1271355bd727,Al Mahdi Barrahma,Midfielder,66,178,1992-12-07,Morocco,https://ontmfbptthwipfzlywwh.supabase.co/storage/v1/object/sign/player-photos/b979199d-6fad-4ab5-8eb6-6ac500c7c0a5.png?token=eyJraWQiOiJzdG9yYWdlLXVybC1zaWduaW5nLWtleV9hODVlNGZkYi1iOWRjLTQ2NWUtOGNiNy0xZjRiZmY0OWJiMjciLCJhbGciOiJIUzI1NiJ9.eyJ1cmwiOiJwbGF5ZXItcGhvdG9zL2I5NzkxOTlkLTZmYWQtNGFiNS04ZWI2LTZhYzUwMGM3YzBhNS5wbmciLCJzY29wZSI6ImRvd25sb2FkIiwiaWF0IjoxNzg2NDU3MDU2LCJleHAiOjE5NDQxMzcwNTZ9.8jgC09mDdnGncyzb32gOcdbQ693InK4_AeaniZ31PqM,2026-08-05 21:02:05.307289+00,2026-08-11 14:04:23.145056+00,180000,{},MA
4811d6c3-c972-4194-bc8b-a4e2b18a052a,539cc6fb-d79a-449b-be23-1271355bd727,Abdullah Al Qarzaei,Midfielder,88,,2008-09-15,Kuwait,https://ontmfbptthwipfzlywwh.supabase.co/storage/v1/object/sign/player-photos/702404a1-1375-4540-a380-3e0c7def8c57.png?token=eyJraWQiOiJzdG9yYWdlLXVybC1zaWduaW5nLWtleV9hODVlNGZkYi1iOWRjLTQ2NWUtOGNiNy0xZjRiZmY0OWJiMjciLCJhbGciOiJIUzI1NiJ9.eyJ1cmwiOiJwbGF5ZXItcGhvdG9zLzcwMjQwNGExLTEzNzUtNDU0MC1hMzgwLTNlMGM3ZGVmOGM1Ny5wbmciLCJzY29wZSI6ImRvd25sb2FkIiwiaWF0IjoxNzg2NDU3MTI3LCJleHAiOjE5NDQxMzcxMjd9.PWznMoBVmQyF5ggvQr6G3PIIiJwv_LR3NMwusRg4PCo,2026-08-05 22:16:39.933247+00,2026-08-11 14:05:37.034312+00,,{},KW
7d95e93f-9505-411b-bd29-56c723c6ab1f,539cc6fb-d79a-449b-be23-1271355bd727,Ibrahim Kameel,Forward,7,178,2002-06-10,Kuwait,https://ontmfbptthwipfzlywwh.supabase.co/storage/v1/object/sign/player-photos/c5fce7a0-a8f8-43da-a4e4-da08790c8223.png?token=eyJraWQiOiJzdG9yYWdlLXVybC1zaWduaW5nLWtleV9hODVlNGZkYi1iOWRjLTQ2NWUtOGNiNy0xZjRiZmY0OWJiMjciLCJhbGciOiJIUzI1NiJ9.eyJ1cmwiOiJwbGF5ZXItcGhvdG9zL2M1ZmNlN2EwLWE4ZjgtNDNkYS1hNGU0LWRhMDg3OTBjODIyMy5wbmciLCJzY29wZSI6ImRvd25sb2FkIiwiaWF0IjoxNzg2NDU3MTgwLCJleHAiOjE5NDQxMzcxODB9.eLIn0DKm2ZTo8n-ABz9wEM-FhfuqS-hV8CtvKGv3Pss,2026-08-05 22:22:08.332261+00,2026-08-11 14:06:24.217867+00,94000,{},KW
25c2b77e-847a-4501-96e2-df3b21cf05e1,539cc6fb-d79a-449b-be23-1271355bd727,Yassine Khenissi,Forward,27,183,1992-01-06,Tunisia,https://ontmfbptthwipfzlywwh.supabase.co/storage/v1/object/sign/player-photos/857ecda6-2526-46ee-9bb3-3c0b3b981b28.png?token=eyJraWQiOiJzdG9yYWdlLXVybC1zaWduaW5nLWtleV9hODVlNGZkYi1iOWRjLTQ2NWUtOGNiNy0xZjRiZmY0OWJiMjciLCJhbGciOiJIUzI1NiJ9.eyJ1cmwiOiJwbGF5ZXItcGhvdG9zLzg1N2VjZGE2LTI1MjYtNDZlZS05YmIzLTNjMGIzYjk4MWIyOC5wbmciLCJzY29wZSI6ImRvd25sb2FkIiwiaWF0IjoxNzg2NDU3NjQ5LCJleHAiOjE5NDQxMzc2NDl9.Y1OKkGie71DSNt4P7kzIYjfKoHMiDWNi4TIn6cU674M,2026-08-05 22:25:07.340626+00,2026-08-11 14:14:12.518158+00,220000,{},TN
c8873457-5652-444d-aa22-3189b588f853,539cc6fb-d79a-449b-be23-1271355bd727,Muhanned Al Mahamid,Forward,28,,,Syria,https://ontmfbptthwipfzlywwh.supabase.co/storage/v1/object/sign/player-photos/72c1a2a7-dc22-45b8-8b60-ab0fdb55d01b.png?token=eyJraWQiOiJzdG9yYWdlLXVybC1zaWduaW5nLWtleV9hODVlNGZkYi1iOWRjLTQ2NWUtOGNiNy0xZjRiZmY0OWJiMjciLCJhbGciOiJIUzI1NiJ9.eyJ1cmwiOiJwbGF5ZXItcGhvdG9zLzcyYzFhMmE3LWRjMjItNDViOC04YjYwLWFiMGZkYjU1ZDAxYi5wbmciLCJzY29wZSI6ImRvd25sb2FkIiwiaWF0IjoxNzg2NDU3NjgyLCJleHAiOjE5NDQxMzc2ODJ9.PfTFkhD74j_dSUENv9cHWlpk8yqCNtI5SMG41NH9vf0,2026-08-05 22:24:24.091118+00,2026-08-11 14:14:45.211729+00,,{},SY
aabbf15b-2637-4ebe-b22d-0ce514480cb7,539cc6fb-d79a-449b-be23-1271355bd727,Salman Al Awadhi,Forward,39,175,2001-05-20,Kuwait,https://ontmfbptthwipfzlywwh.supabase.co/storage/v1/object/sign/player-photos/22bdea14-3e89-478b-847e-9c8235550453.png?token=eyJraWQiOiJzdG9yYWdlLXVybC1zaWduaW5nLWtleV9hODVlNGZkYi1iOWRjLTQ2NWUtOGNiNy0xZjRiZmY0OWJiMjciLCJhbGciOiJIUzI1NiJ9.eyJ1cmwiOiJwbGF5ZXItcGhvdG9zLzIyYmRlYTE0LTNlODktNDc4Yi04NDdlLTljODIzNTU1MDQ1My5wbmciLCJzY29wZSI6ImRvd25sb2FkIiwiaWF0IjoxNzg2NDU3NzE1LCJleHAiOjE5NDQxMzc3MTV9.5DO0LZjHNWIWW6Sx06ChsxOMxNX0GYiOk_7C8zrH1s4,2026-08-05 22:23:08.70065+00,2026-08-11 14:15:18.133217+00,145000,{},KW
f906e87d-5490-46bd-aa6c-9c926848c91f,598d82e7-8002-4423-9468-d58ec371907c,Sulaiman Abdulghafoor,Goalkeeper,22,184,1991-02-25,Kuwait,https://ontmfbptthwipfzlywwh.supabase.co/storage/v1/object/sign/player-photos/e90110b2-6203-4be1-b023-502da9015c71.png?token=eyJraWQiOiJzdG9yYWdlLXVybC1zaWduaW5nLWtleV9hODVlNGZkYi1iOWRjLTQ2NWUtOGNiNy0xZjRiZmY0OWJiMjciLCJhbGciOiJIUzI1NiJ9.eyJ1cmwiOiJwbGF5ZXItcGhvdG9zL2U5MDExMGIyLTYyMDMtNGJlMS1iMDIzLTUwMmRhOTAxNWM3MS5wbmciLCJzY29wZSI6ImRvd25sb2FkIiwiaWF0IjoxNzg2NjcyNzE1LCJleHAiOjE5NDQzNTI3MTV9.Tqq0Alyr23gKfG2-y01scvNK7-00ce8R4wVPW9--Qgg,2026-07-30 02:29:12.037715+00,2026-08-14 01:58:39.854376+00,200k,{},KW
e7e489a9-252a-4cf6-a1a9-4d54e46ae620,a7166bc6-b129-47bb-bc4e-e085b1a2dfcd,Bandar Al Barazi,Defender,66,175,2005-01-24,Kuwait,,2026-08-15 01:03:26.166927+00,2026-08-15 01:03:27.993593+00,,{},KW
efaf5568-99e2-4a85-a467-d88316792e19,a7166bc6-b129-47bb-bc4e-e085b1a2dfcd,Omar Al Sanad,Unknown,93,,,Kuwait,,2026-08-15 01:03:43.49184+00,2026-08-15 01:03:44.416313+00,,{},KW
44d0de20-1b58-4cb3-82cd-2216e10cd1e0,4f941a6e-7ce2-416e-b293-7f010c901415,Abdulrahman Al-Khudher,Defender,3,,2004-02-16,Kuwait,,2026-08-15 19:14:34.093772+00,2026-08-15 19:14:34.093772+00,,{},KW
2593f1e8-9686-4586-9e86-78a55ccd3334,4f941a6e-7ce2-416e-b293-7f010c901415,Mahmoud Al Aswad,Forward,10,183,2003-09-14,Syria,,2026-08-16 00:33:38.516439+00,2026-08-16 00:33:38.516439+00,543K,{},SY
4a317a5d-e4cb-4a24-a96f-41a2b5b78a70,4f941a6e-7ce2-416e-b293-7f010c901415,Yousef Al Enezan,Forward,,,1991-01-01,Kuwait,,2026-08-16 00:44:32.371017+00,2026-08-16 00:44:32.371017+00,,{},KW
970c7288-392b-4067-a224-308d7e734530,073cfa17-037f-4b8b-a79a-aeb5dbee9a40,Abdulaziz Naji,Defender,,,2001-08-19,Kuwait,,2026-08-21 20:02:20.426205+00,2026-08-21 20:02:21.638466+00,,{},KW
6969b5a5-5ecf-4a5f-bcd2-3c188b60f156,073cfa17-037f-4b8b-a79a-aeb5dbee9a40,Jassem Karam,Defender,,,1992-10-02,Kuwait,,2026-08-21 20:02:34.623474+00,2026-08-21 20:02:35.356141+00,,{},KW
09dbfc3f-dc96-495e-aea7-04b845781be6,073cfa17-037f-4b8b-a79a-aeb5dbee9a40,Abdulrahman Salem,Defender,,,2005-11-03,Kuwait,,2026-08-21 20:02:49.746102+00,2026-08-21 20:02:50.575702+00,,{},KW
aa754840-8345-47a1-b9b0-081e32ed41b9,e62bea24-9251-4e69-b03b-b0f3fae6618f,Abdullah Abbas,Goalkeeper,1,,2001-03-09,Syria,https://ontmfbptthwipfzlywwh.supabase.co/storage/v1/object/sign/player-photos/05bc9a57-f791-4b7e-9dc1-0be8c6bbba93.jpeg?token=eyJraWQiOiJzdG9yYWdlLXVybC1zaWduaW5nLWtleV9hODVlNGZkYi1iOWRjLTQ2NWUtOGNiNy0xZjRiZmY0OWJiMjciLCJhbGciOiJIUzI1NiJ9.eyJ1cmwiOiJwbGF5ZXItcGhvdG9zLzA1YmM5YTU3LWY3OTEtNGI3ZS05ZGMxLTBiZThjNmJiYmE5My5qcGVnIiwic2NvcGUiOiJkb3dubG9hZCIsImlhdCI6MTc4NzI1ODc5NSwiZXhwIjoxOTQ0OTM4Nzk1fQ.4xvjyNuwejbTt9s8S4oD_NrhdsvCwZdJYg-P7RvmSmg,2026-08-20 19:58:22.728189+00,2026-08-20 20:46:37.151145+00,,{},SY
4ece15ad-f52f-4400-8c39-8a64a0819f90,e62bea24-9251-4e69-b03b-b0f3fae6618f,Saleh Khamees Al Enezi,Defender,2,,1988-06-21,Kuwait,https://ontmfbptthwipfzlywwh.supabase.co/storage/v1/object/sign/player-photos/57e5c1b3-aa98-471d-bd6c-c74851b92712.jpeg?token=eyJraWQiOiJzdG9yYWdlLXVybC1zaWduaW5nLWtleV9hODVlNGZkYi1iOWRjLTQ2NWUtOGNiNy0xZjRiZmY0OWJiMjciLCJhbGciOiJIUzI1NiJ9.eyJ1cmwiOiJwbGF5ZXItcGhvdG9zLzU3ZTVjMWIzLWFhOTgtNDcxZC1iZDZjLWM3NDg1MWI5MjcxMi5qcGVnIiwic2NvcGUiOiJkb3dubG9hZCIsImlhdCI6MTc4NzI1ODk0NywiZXhwIjoxOTQ0OTM4OTQ3fQ.ajvno-RuSL6ktRrVPLaGuwVnlc9aW0rboUwf0ba98tw,2026-08-20 19:59:27.509599+00,2026-08-20 20:49:09.863552+00,,{},KW
11265013-bb65-432d-8258-eb78d6ec6b44,e62bea24-9251-4e69-b03b-b0f3fae6618f,Ali Al Mousawy,Defender,4,,1993-09-26,Kuwait,https://ontmfbptthwipfzlywwh.supabase.co/storage/v1/object/sign/player-photos/ca5e2264-9fa5-4072-8aad-696e826dd43f.jpeg?token=eyJraWQiOiJzdG9yYWdlLXVybC1zaWduaW5nLWtleV9hODVlNGZkYi1iOWRjLTQ2NWUtOGNiNy0xZjRiZmY0OWJiMjciLCJhbGciOiJIUzI1NiJ9.eyJ1cmwiOiJwbGF5ZXItcGhvdG9zL2NhNWUyMjY0LTlmYTUtNDA3Mi04YWFkLTY5NmU4MjZkZDQzZi5qcGVnIiwic2NvcGUiOiJkb3dubG9hZCIsImlhdCI6MTc4NzI1ODk2MSwiZXhwIjoxOTQ0OTM4OTYxfQ.xVQk8UodoYUah2FBjQ74UbEfQK0BcazdY0wnkWXM8UY,2026-08-20 20:00:26.341734+00,2026-08-20 20:49:23.98118+00,,{},KW
e80c991f-3983-46dc-9a80-b04e3b08adf8,e62bea24-9251-4e69-b03b-b0f3fae6618f,Musaed Al Enezi,Defender,5,170,1993-01-25,Kuwait,https://ontmfbptthwipfzlywwh.supabase.co/storage/v1/object/sign/player-photos/3abfb0dd-df0d-4c93-8fe0-af50cfe4148d.jpeg?token=eyJraWQiOiJzdG9yYWdlLXVybC1zaWduaW5nLWtleV9hODVlNGZkYi1iOWRjLTQ2NWUtOGNiNy0xZjRiZmY0OWJiMjciLCJhbGciOiJIUzI1NiJ9.eyJ1cmwiOiJwbGF5ZXItcGhvdG9zLzNhYmZiMGRkLWRmMGQtNGM5My04ZmUwLWFmNTBjZmU0MTQ4ZC5qcGVnIiwic2NvcGUiOiJkb3dubG9hZCIsImlhdCI6MTc4NzI1ODk4MywiZXhwIjoxOTQ0OTM4OTgzfQ.FrGr23_V__RokdkXD4ukSE3B8un7ayN7mowx6h8tlSU,2026-08-20 20:03:45.895788+00,2026-08-20 20:49:44.906451+00,,{},KW
f111768d-1a86-493d-bde8-ecb08249d319,e62bea24-9251-4e69-b03b-b0f3fae6618f,Khaled Al Rashidi,Defender,7,,1996-01-11,Kuwait,https://ontmfbptthwipfzlywwh.supabase.co/storage/v1/object/sign/player-photos/37b5bff2-f561-4e69-ade7-e4736d0b972e.jpeg?token=eyJraWQiOiJzdG9yYWdlLXVybC1zaWduaW5nLWtleV9hODVlNGZkYi1iOWRjLTQ2NWUtOGNiNy0xZjRiZmY0OWJiMjciLCJhbGciOiJIUzI1NiJ9.eyJ1cmwiOiJwbGF5ZXItcGhvdG9zLzM3YjViZmYyLWY1NjEtNGU2OS1hZGU3LWU0NzM2ZDBiOTcyZS5qcGVnIiwic2NvcGUiOiJkb3dubG9hZCIsImlhdCI6MTc4NzI1OTAwMCwiZXhwIjoxOTQ0OTM5MDAwfQ.vXiANyxbK-uG20i1PrBAQXysQXbPV637IY-5v6VjvzE,2026-08-20 19:59:50.23477+00,2026-08-20 20:50:02.830548+00,,{},KW
2a6f6741-80cf-4f35-8591-0b25f2c73d15,e62bea24-9251-4e69-b03b-b0f3fae6618f,Nasser Al Faylakawi,Midfielder,25,,1996-11-08,Kuwait,https://ontmfbptthwipfzlywwh.supabase.co/storage/v1/object/sign/player-photos/4269c3d2-1582-4bc0-8114-cc948892d3d8.jpeg?token=eyJraWQiOiJzdG9yYWdlLXVybC1zaWduaW5nLWtleV9hODVlNGZkYi1iOWRjLTQ2NWUtOGNiNy0xZjRiZmY0OWJiMjciLCJhbGciOiJIUzI1NiJ9.eyJ1cmwiOiJwbGF5ZXItcGhvdG9zLzQyNjljM2QyLTE1ODItNGJjMC04MTE0LWNjOTQ4ODkyZDNkOC5qcGVnIiwic2NvcGUiOiJkb3dubG9hZCIsImlhdCI6MTc4NzI1OTY2MSwiZXhwIjoxOTQ0OTM5NjYxfQ.BXegKRRvozLHh87cPfnVYxpwMaIPstJpm6Ajc3pL96g,2026-08-20 20:07:25.579039+00,2026-08-20 21:01:04.154457+00,,{},KW
e5f0c9a1-6811-464c-a402-0c0aab4463b2,a7166bc6-b129-47bb-bc4e-e085b1a2dfcd,Drice Chaabi,Defender,97,189,1997-09-20,Algeria,,2026-08-15 01:04:06.397559+00,2026-08-15 01:04:08.955379+00,,{},DZ
90a9962c-64b8-4482-9f5e-41fa8505b28c,e62bea24-9251-4e69-b03b-b0f3fae6618f,Ali Salman Alaaeddine,Forward,93,,1993-09-06,Lebanon,https://ontmfbptthwipfzlywwh.supabase.co/storage/v1/object/sign/player-photos/c1993992-10ed-4eb9-91d6-1423c0243d1c.jpeg?token=eyJraWQiOiJzdG9yYWdlLXVybC1zaWduaW5nLWtleV9hODVlNGZkYi1iOWRjLTQ2NWUtOGNiNy0xZjRiZmY0OWJiMjciLCJhbGciOiJIUzI1NiJ9.eyJ1cmwiOiJwbGF5ZXItcGhvdG9zL2MxOTkzOTkyLTEwZWQtNGViOS05MWQ2LTE0MjNjMDI0M2QxYy5qcGVnIiwic2NvcGUiOiJkb3dubG9hZCIsImlhdCI6MTc4NzI1OTc2NCwiZXhwIjoxOTQ0OTM5NzY0fQ.F6Nt5avu-JZT2VQNEe7AHVeXef8ZDaPnUH9xpXQ-Djs,2026-08-20 20:09:31.283584+00,2026-08-20 21:02:46.545842+00,,{},LB
e703df09-50dd-4de3-ac63-4cd05b96f31d,e62bea24-9251-4e69-b03b-b0f3fae6618f,Christian Irobiso,Forward,97,191,1993-05-28,Nigeria,https://ontmfbptthwipfzlywwh.supabase.co/storage/v1/object/sign/player-photos/931db44c-ff22-466b-8cc1-6d92217bd647.jpeg?token=eyJraWQiOiJzdG9yYWdlLXVybC1zaWduaW5nLWtleV9hODVlNGZkYi1iOWRjLTQ2NWUtOGNiNy0xZjRiZmY0OWJiMjciLCJhbGciOiJIUzI1NiJ9.eyJ1cmwiOiJwbGF5ZXItcGhvdG9zLzkzMWRiNDRjLWZmMjItNDY2Yi04Y2MxLTZkOTIyMTdiZDY0Ny5qcGVnIiwic2NvcGUiOiJkb3dubG9hZCIsImlhdCI6MTc4NzI1OTc4MiwiZXhwIjoxOTQ0OTM5NzgyfQ.jzdh4nimvPThEPGOFRNIIjxmyQpoijbSRKcS6H1V7vs,2026-08-20 20:10:16.611826+00,2026-08-20 21:03:05.29954+00,130000,{},NG
b0b85d9f-ad00-4204-80b6-86c458eb2a9c,8e369144-5cb6-4beb-9949-3187473b81d4,Abdulredha Shehab,Goalkeeper,,170,2004-01-14,Kuwait,https://ontmfbptthwipfzlywwh.supabase.co/storage/v1/object/sign/player-photos/312ac365-61e0-490e-b285-4da7f6502113.png?token=eyJraWQiOiJzdG9yYWdlLXVybC1zaWduaW5nLWtleV9hODVlNGZkYi1iOWRjLTQ2NWUtOGNiNy0xZjRiZmY0OWJiMjciLCJhbGciOiJIUzI1NiJ9.eyJ1cmwiOiJwbGF5ZXItcGhvdG9zLzMxMmFjMzY1LTYxZTAtNDkwZS1iMjg1LTRkYTdmNjUwMjExMy5wbmciLCJzY29wZSI6ImRvd25sb2FkIiwiaWF0IjoxNzg3MjgwNzEzLCJleHAiOjE5NDQ5NjA3MTN9.W8DDsVGQbjtmGUUOKyUYGKsv2Z0gS_YHg2SXNHkq8es,2026-08-14 01:53:52.922276+00,2026-08-21 02:51:58.054558+00,,{},KW
b51ab35b-d3c9-422b-bd35-24d4a03d8830,073cfa17-037f-4b8b-a79a-aeb5dbee9a40,Breno Calixto,Defender,,190,1992-07-21,Brazil,,2026-08-21 20:03:05.828253+00,2026-08-21 20:03:06.477335+00,,{},BR
9bc61390-21d4-46fe-b281-6e25fcf2b939,073cfa17-037f-4b8b-a79a-aeb5dbee9a40,Omar Al Matar,Midfielder,,,2004-01-26,Kuwait,,2026-08-21 20:13:14.943305+00,2026-08-21 20:13:16.375848+00,,{},KW
fae9641f-bbb8-41ce-b1fc-0cf304649496,073cfa17-037f-4b8b-a79a-aeb5dbee9a40,Gatoch Panom Yiech,Midfielder,,190,1994-11-30,Ethiopia,,2026-08-21 20:13:40.686962+00,2026-08-21 20:13:41.884227+00,,{},ET
3c1e048c-b385-4bd3-b6e4-a8dc9c992b15,a7166bc6-b129-47bb-bc4e-e085b1a2dfcd,Ahmad Zanki,Forward,26,173,1995-12-17,Kuwait,,2026-08-15 01:04:21.845777+00,2026-08-15 01:04:22.481266+00,125000,{},KW
cfd7bd4f-8124-4321-a812-7f8efed8e54b,4f941a6e-7ce2-416e-b293-7f010c901415,Mohammed Al-Huwaidi,Midfielder,8,,1999-01-29,Kuwait,,2026-08-15 19:15:32.62544+00,2026-08-15 19:15:32.62544+00,,{},KW
7efa6100-e084-4e3b-9eca-0718496543fa,4f941a6e-7ce2-416e-b293-7f010c901415,Abdullah Al Yusuf,Forward,,194,1993-06-12,Bahrain,,2026-08-16 00:38:12.995888+00,2026-08-16 00:38:12.995888+00,243K,{},BH
6566d562-b640-4295-8dc8-9676d34229af,4f941a6e-7ce2-416e-b293-7f010c901415,Abdulmohsen Al Turkmani ,Forward,,178,1996-07-17,Kuwait,,2026-08-16 00:45:19.156025+00,2026-08-16 00:45:20.337298+00,358K,{},KW
195e119e-4142-44aa-87c4-713658007596,073cfa17-037f-4b8b-a79a-aeb5dbee9a40,Salman Al Bouss,Midfielder,17,,2001-11-05,Kuwait,,2026-08-21 20:14:06.202278+00,2026-08-21 20:14:08.976614+00,,{},KW
8553e5cd-52c3-47ee-8425-f8dc8a471cf3,073cfa17-037f-4b8b-a79a-aeb5dbee9a40,Hamad Al Taweel,Midfielder,,186,2001-07-26,Kuwait,,2026-08-21 20:14:28.637631+00,2026-08-21 20:14:28.637631+00,,{},KW
f1c166ff-d642-4b16-bb1b-31ed09881811,073cfa17-037f-4b8b-a79a-aeb5dbee9a40,Khaled Sulaiman,Forward,,,,Kuwait,,2026-08-21 20:15:06.622449+00,2026-08-21 20:15:07.424035+00,,{},KW
2d51a2eb-dc94-466c-9c8c-c9e632c13aa7,073cfa17-037f-4b8b-a79a-aeb5dbee9a40,Fahad Saad,Forward,,,,Kuwait,,2026-08-21 20:15:32.160821+00,2026-08-21 20:15:34.466777+00,,{},KW
2cc83522-fbb4-47ec-b802-6109486ad215,073cfa17-037f-4b8b-a79a-aeb5dbee9a40,Ranga Piniel Chivaviro,Forward,,180,1992-11-21,South Africa,,2026-08-21 20:16:56.254074+00,2026-08-21 20:17:04.481245+00,,{},ZA
0d5cd1c4-cc0e-4806-b4fa-8ece28f1cb04,666d9085-19bc-476a-a70a-e778d088eb23,Pierre Desiré Zebli,Midfielder,,180,1997-12-06,Côte d'Ivoire,,2026-08-21 21:42:03.061807+00,2026-08-21 21:42:03.061807+00,,{},CI
144d174d-b080-494d-bea5-d8ec249fac40,666d9085-19bc-476a-a70a-e778d088eb23,Mohammed Talal Al Sharifi,Defender,,,2004-06-28,Kuwait,,2026-08-21 21:45:31.963234+00,2026-08-21 23:38:41.700898+00,,{},KW
bdb00bc0-7f69-408b-838c-577ec8a57ef7,666d9085-19bc-476a-a70a-e778d088eb23,Salman Al Ajmi,Defender,,,,Kuwait,,2026-08-21 21:48:58.017018+00,2026-08-21 23:38:59.61069+00,,{},KW
78613986-2ff7-4cfd-92f2-5a887f4107e9,666d9085-19bc-476a-a70a-e778d088eb23,Faisal Al Shatti,Defender,,,,Kuwait,,2026-08-21 21:44:59.039862+00,2026-08-21 23:39:04.532984+00,,{},KW
ca4bd446-b733-4652-be88-d14790e7314e,666d9085-19bc-476a-a70a-e778d088eb23,Turki Abdulaziz Al Yousef,Midfielder,,171,2005-02-26,Kuwait,,2026-08-21 21:47:05.225071+00,2026-08-21 23:39:21.961375+00,,{},KW
7ca6d0b9-9ba6-46a0-b04c-3d3950001cfe,e62bea24-9251-4e69-b03b-b0f3fae6618f,Abdulrahman Al Sharifi,Goalkeeper,22,,1997-04-20,Kuwait,https://ontmfbptthwipfzlywwh.supabase.co/storage/v1/object/sign/player-photos/9e7c8dd9-603f-4215-86a1-387ea46087ac.jpeg?token=eyJraWQiOiJzdG9yYWdlLXVybC1zaWduaW5nLWtleV9hODVlNGZkYi1iOWRjLTQ2NWUtOGNiNy0xZjRiZmY0OWJiMjciLCJhbGciOiJIUzI1NiJ9.eyJ1cmwiOiJwbGF5ZXItcGhvdG9zLzllN2M4ZGQ5LTYwM2YtNDIxNS04NmExLTM4N2VhNDYwODdhYy5qcGVnIiwic2NvcGUiOiJkb3dubG9hZCIsImlhdCI6MTc4NzI1ODgxMywiZXhwIjoxOTQ0OTM4ODEzfQ.NG8lBC76UBUJOooVtT-CY-fs9b25OAG7eZTFkVp4ITE,2026-08-20 19:58:41.001852+00,2026-08-20 20:46:55.355386+00,,{},KW
bac3a24e-3f74-44cb-98f6-df4524897d71,e62bea24-9251-4e69-b03b-b0f3fae6618f,Ahmad Al Fahad,Defender,13,,1992-05-22,Kuwait,https://ontmfbptthwipfzlywwh.supabase.co/storage/v1/object/sign/player-photos/fb7ac427-1ce2-4d91-bb73-8ba2929ede36.jpeg?token=eyJraWQiOiJzdG9yYWdlLXVybC1zaWduaW5nLWtleV9hODVlNGZkYi1iOWRjLTQ2NWUtOGNiNy0xZjRiZmY0OWJiMjciLCJhbGciOiJIUzI1NiJ9.eyJ1cmwiOiJwbGF5ZXItcGhvdG9zL2ZiN2FjNDI3LTFjZTItNGQ5MS1iYjczLThiYTI5MjllZGUzNi5qcGVnIiwic2NvcGUiOiJkb3dubG9hZCIsImlhdCI6MTc4NzI1OTAyOCwiZXhwIjoxOTQ0OTM5MDI4fQ.BGcbMPX046RYkzteV3bZAezbWKTHXBD189fVnCYo5Fg,2026-08-20 20:04:28.87707+00,2026-08-20 20:50:30.564448+00,,{},KW
e4fd9059-5bf9-4d0d-98d1-d912a1a705e0,e62bea24-9251-4e69-b03b-b0f3fae6618f,Mohammed Safar,Defender,28,,1999-12-15,Kuwait,https://ontmfbptthwipfzlywwh.supabase.co/storage/v1/object/sign/player-photos/7b6ee061-9566-4317-b9b3-842bf9194b7b.png?token=eyJraWQiOiJzdG9yYWdlLXVybC1zaWduaW5nLWtleV9hODVlNGZkYi1iOWRjLTQ2NWUtOGNiNy0xZjRiZmY0OWJiMjciLCJhbGciOiJIUzI1NiJ9.eyJ1cmwiOiJwbGF5ZXItcGhvdG9zLzdiNmVlMDYxLTk1NjYtNDMxNy1iOWIzLTg0MmJmOTE5NGI3Yi5wbmciLCJzY29wZSI6ImRvd25sb2FkIiwiaWF0IjoxNzg3MjU5MDY4LCJleHAiOjE5NDQ5MzkwNjh9.TFA0TOLsQfnuVb2y6aYX3zeYkDWH62pUJYg88vBTfa0,2026-08-20 20:03:05.960678+00,2026-08-20 20:51:11.825562+00,,{},KW
4f2a12d0-376a-4edc-b1ca-67abe2e1d319,e62bea24-9251-4e69-b03b-b0f3fae6618f,Elielson Cardoso Bebê,Defender,44,,2000-11-11,Brazil,https://ontmfbptthwipfzlywwh.supabase.co/storage/v1/object/sign/player-photos/64b33d44-20a1-4a6b-9e46-7cb9984ec3af.jpeg?token=eyJraWQiOiJzdG9yYWdlLXVybC1zaWduaW5nLWtleV9hODVlNGZkYi1iOWRjLTQ2NWUtOGNiNy0xZjRiZmY0OWJiMjciLCJhbGciOiJIUzI1NiJ9.eyJ1cmwiOiJwbGF5ZXItcGhvdG9zLzY0YjMzZDQ0LTIwYTEtNGE2Yi05ZTQ2LTdjYjk5ODRlYzNhZi5qcGVnIiwic2NvcGUiOiJkb3dubG9hZCIsImlhdCI6MTc4NzI1OTA4MSwiZXhwIjoxOTQ0OTM5MDgxfQ.os3pHdqJ2HgOdPe6DwRzly4JmWF94jGJvn_FvjnX2-M,2026-08-20 20:02:43.057619+00,2026-08-20 20:51:23.761734+00,,{},BR
9b1fa40b-01f6-4c35-8102-61f78d3da2e7,e62bea24-9251-4e69-b03b-b0f3fae6618f,Abdulmohsen Al Salhi,Forward,10,,1998-01-05,Kuwait,https://ontmfbptthwipfzlywwh.supabase.co/storage/v1/object/sign/player-photos/7f1f94b3-5579-4794-a0cc-f21e058b3c1f.jpeg?token=eyJraWQiOiJzdG9yYWdlLXVybC1zaWduaW5nLWtleV9hODVlNGZkYi1iOWRjLTQ2NWUtOGNiNy0xZjRiZmY0OWJiMjciLCJhbGciOiJIUzI1NiJ9.eyJ1cmwiOiJwbGF5ZXItcGhvdG9zLzdmMWY5NGIzLTU1NzktNDc5NC1hMGNjLWYyMWUwNThiM2MxZi5qcGVnIiwic2NvcGUiOiJkb3dubG9hZCIsImlhdCI6MTc4NzI1OTcxMywiZXhwIjoxOTQ0OTM5NzEzfQ.WPszvilBstz7exaBZTuX_po_1HZoU_lOwmGUtx4-x88,2026-08-20 20:08:11.940863+00,2026-08-20 21:01:55.603267+00,,{},KW
6e513060-1cac-4a07-ae14-c1b632e16446,666d9085-19bc-476a-a70a-e778d088eb23,Hamed Al Rashidi,Forward,,,1992-03-10,Kuwait,,2026-08-21 21:50:24.093253+00,2026-08-21 23:40:19.878964+00,,{},KW
e2b6eacc-9a3a-442e-8c93-e1065326e4e9,073cfa17-037f-4b8b-a79a-aeb5dbee9a40,Meshal Al Fadhli,Midfielder,,,2006-05-03,Kuwait,,2026-08-21 20:03:39.91029+00,2026-08-21 20:03:40.676405+00,,{},KW
a188114c-7eb5-4810-bea3-5c29a270aec3,073cfa17-037f-4b8b-a79a-aeb5dbee9a40,Homam Mahmoud,Forward,13,175,2006-04-08,Syria,,2026-08-21 20:14:49.277379+00,2026-08-21 20:14:49.277379+00,,{},SY
4c65a6b9-d6f0-4cd7-b296-d5e11dbdd157,073cfa17-037f-4b8b-a79a-aeb5dbee9a40,Vitor Vieira,Forward,33,,1997-10-29,Brazil,,2026-08-21 20:17:31.28016+00,2026-08-21 20:17:32.974249+00,,{},BR
4608faa4-1f5e-4392-9927-71a6eff1a553,666d9085-19bc-476a-a70a-e778d088eb23,Marlon dos Santos Prazeres,Forward,,173,1995-04-29,Brazil,,2026-08-21 21:42:29.217951+00,2026-08-21 21:42:29.217951+00,,{},BR
783f1f11-3086-4a15-b5d3-dbc09310a8f4,4f941a6e-7ce2-416e-b293-7f010c901415,Bader Jalal,Midfielder,31,,2004-01-01,Kuwait,,2026-08-15 19:17:19.673118+00,2026-08-15 19:17:19.673118+00,,{},KW
54163a69-d0ea-4904-b01d-39a1b313f726,a7166bc6-b129-47bb-bc4e-e085b1a2dfcd,Törles Knöll,Forward,20,183,1997-09-12,Germany,https://ontmfbptthwipfzlywwh.supabase.co/storage/v1/object/sign/player-photos/5231c7df-19c8-4b61-83c5-423eebb860fc.jpeg?token=eyJraWQiOiJzdG9yYWdlLXVybC1zaWduaW5nLWtleV9hODVlNGZkYi1iOWRjLTQ2NWUtOGNiNy0xZjRiZmY0OWJiMjciLCJhbGciOiJIUzI1NiJ9.eyJ1cmwiOiJwbGF5ZXItcGhvdG9zLzUyMzFjN2RmLTE5YzgtNGI2MS04M2M1LTQyM2VlYmI4NjBmYy5qcGVnIiwic2NvcGUiOiJkb3dubG9hZCIsImlhdCI6MTc4Njc3NjU4MCwiZXhwIjoxOTQ0NDU2NTgwfQ.3v0LJEUa-HFj0zYnfoHTWJNcSSM5J6BlXGFN6n42CXE,2026-08-15 01:05:29.977854+00,2026-08-15 06:49:46.135439+00,635000,{},DE
46035551-8830-41ea-a97b-8e8409da2659,666d9085-19bc-476a-a70a-e778d088eb23,Abdulaziz Abdeen,Goalkeeper,,184,,Kuwait,,2026-08-21 21:49:17.015626+00,2026-08-21 23:38:02.233169+00,,{},KW
b3cb5ff7-4f8c-4ec6-b523-3a28b043876d,666d9085-19bc-476a-a70a-e778d088eb23,Abdulrahman Al Daihani,Defender,,,2001-01-21,Kuwait,,2026-08-21 21:43:46.108221+00,2026-08-21 23:38:29.385456+00,,{},KW
4f6e05d9-3800-4ad3-90da-122d79f8b470,e62bea24-9251-4e69-b03b-b0f3fae6618f,Othman Al Faylakawi ,Midfielder,11,,1999-01-15,Kuwait,https://ontmfbptthwipfzlywwh.supabase.co/storage/v1/object/sign/player-photos/9440f467-2590-49c0-976c-fbfcec109030.jpeg?token=eyJraWQiOiJzdG9yYWdlLXVybC1zaWduaW5nLWtleV9hODVlNGZkYi1iOWRjLTQ2NWUtOGNiNy0xZjRiZmY0OWJiMjciLCJhbGciOiJIUzI1NiJ9.eyJ1cmwiOiJwbGF5ZXItcGhvdG9zLzk0NDBmNDY3LTI1OTAtNDljMC05NzZjLWZiZmNlYzEwOTAzMC5qcGVnIiwic2NvcGUiOiJkb3dubG9hZCIsImlhdCI6MTc4NzI1OTM5NCwiZXhwIjoxOTQ0OTM5Mzk0fQ.myf1hsV3fkWKz8cfvV9iFpfVQg-mZwslH1aTnXhDM6E,2026-08-20 20:07:02.247075+00,2026-08-20 20:56:35.313452+00,65000,{},KW
003abeef-64bb-482c-aa4f-152c3866b56e,598d82e7-8002-4423-9468-d58ec371907c,Hussein Kankouni,Goalkeeper,1,190,2005-05-30,Kuwait,https://ontmfbptthwipfzlywwh.supabase.co/storage/v1/object/sign/player-photos/67b17340-4b37-44a1-bd5d-936ad452e63b.jpeg?token=eyJraWQiOiJzdG9yYWdlLXVybC1zaWduaW5nLWtleV9hODVlNGZkYi1iOWRjLTQ2NWUtOGNiNy0xZjRiZmY0OWJiMjciLCJhbGciOiJIUzI1NiJ9.eyJ1cmwiOiJwbGF5ZXItcGhvdG9zLzY3YjE3MzQwLTRiMzctNDRhMS1iZDVkLTkzNmFkNDUyZTYzYi5qcGVnIiwic2NvcGUiOiJkb3dubG9hZCIsImlhdCI6MTc4NjY3MjUwNSwiZXhwIjoxOTQ0MzUyNTA1fQ.W9RZVLRrNL18WaamiAXodCTz8CY1MaEBD0isEhNXIyQ,2026-08-14 01:55:08.41005+00,2026-08-14 01:55:09.484711+00,,{},KW
c33fa399-fa9a-47d7-bbe7-ae86ee6c56c6,598d82e7-8002-4423-9468-d58ec371907c,Ahmad Aadi,Goalkeeper,13,,1989-03-28,Kuwait,https://ontmfbptthwipfzlywwh.supabase.co/storage/v1/object/sign/player-photos/93f046d7-0280-41f9-b00c-e74fbd171e5f.jpeg?token=eyJraWQiOiJzdG9yYWdlLXVybC1zaWduaW5nLWtleV9hODVlNGZkYi1iOWRjLTQ2NWUtOGNiNy0xZjRiZmY0OWJiMjciLCJhbGciOiJIUzI1NiJ9.eyJ1cmwiOiJwbGF5ZXItcGhvdG9zLzkzZjA0NmQ3LTAyODAtNDFmOS1iMDBjLWU3NGZiZDE3MWU1Zi5qcGVnIiwic2NvcGUiOiJkb3dubG9hZCIsImlhdCI6MTc4NjY3MjMyNiwiZXhwIjoxOTQ0MzUyMzI2fQ.WNTDHkyg5ca_VdO1YZs8eZipckfsSFvyLMTxxK5z6xI,2026-08-14 01:52:10.669413+00,2026-08-14 01:55:19.627352+00,62K,{},KW
d43b17cf-1cb9-4e47-867a-5dfd39da2df3,598d82e7-8002-4423-9468-d58ec371907c,Jassem Shammouh,Defender,29,182,2005-11-22,Kuwait,https://ontmfbptthwipfzlywwh.supabase.co/storage/v1/object/sign/player-photos/b54b7ec5-542e-4373-80d9-0e732771af3d.jpeg?token=eyJraWQiOiJzdG9yYWdlLXVybC1zaWduaW5nLWtleV9hODVlNGZkYi1iOWRjLTQ2NWUtOGNiNy0xZjRiZmY0OWJiMjciLCJhbGciOiJIUzI1NiJ9.eyJ1cmwiOiJwbGF5ZXItcGhvdG9zL2I1NGI3ZWM1LTU0MmUtNDM3My04MGQ5LTBlNzMyNzcxYWYzZC5qcGVnIiwic2NvcGUiOiJkb3dubG9hZCIsImlhdCI6MTc4NjY3MjY4NSwiZXhwIjoxOTQ0MzUyNjg1fQ.2aiy5ItIrIC68msqRzZPIT1VBB4G-5n0PuxQqiwDdtw,2026-08-14 01:58:10.545227+00,2026-08-14 01:58:11.470159+00,,{},KW
de23a9f9-43b5-4e12-a49b-0f0f03530646,598d82e7-8002-4423-9468-d58ec371907c,Abdullah Ammar,Defender,,176,1998-05-07,Kuwait,https://ontmfbptthwipfzlywwh.supabase.co/storage/v1/object/sign/player-photos/e6785c50-af28-4d9a-ac37-bcb35aa29ae0.jpeg?token=eyJraWQiOiJzdG9yYWdlLXVybC1zaWduaW5nLWtleV9hODVlNGZkYi1iOWRjLTQ2NWUtOGNiNy0xZjRiZmY0OWJiMjciLCJhbGciOiJIUzI1NiJ9.eyJ1cmwiOiJwbGF5ZXItcGhvdG9zL2U2Nzg1YzUwLWFmMjgtNGQ5YS1hYzM3LWJjYjM1YWEyOWFlMC5qcGVnIiwic2NvcGUiOiJkb3dubG9hZCIsImlhdCI6MTc4NjY3MzIwMSwiZXhwIjoxOTQ0MzUzMjAxfQ.JGdWshoIcf0IeIaUsVOf8Smt17he6Ie0V6aFIDd9II8,2026-08-14 02:06:49.496939+00,2026-08-14 02:52:14.368952+00,112,{},KW
ed97bdd2-b0ce-4ba9-8f5f-797438223f06,598d82e7-8002-4423-9468-d58ec371907c,Abdulaziz Nasari,Defender,21,,1992-02-18,Kuwait,https://ontmfbptthwipfzlywwh.supabase.co/storage/v1/object/sign/player-photos/dc5a4eb6-dac4-4f32-8d5f-0689a5bbdf72.jpeg?token=eyJraWQiOiJzdG9yYWdlLXVybC1zaWduaW5nLWtleV9hODVlNGZkYi1iOWRjLTQ2NWUtOGNiNy0xZjRiZmY0OWJiMjciLCJhbGciOiJIUzI1NiJ9.eyJ1cmwiOiJwbGF5ZXItcGhvdG9zL2RjNWE0ZWI2LWRhYzQtNGYzMi04ZDVmLTA2ODlhNWJiZGY3Mi5qcGVnIiwic2NvcGUiOiJkb3dubG9hZCIsImlhdCI6MTc4NjY3MjkyNCwiZXhwIjoxOTQ0MzUyOTI0fQ.IX51JN_Afjq1tZSR3g9Z8FNn1cxFEufifGdXC49JwcQ,2026-08-14 02:02:07.807069+00,2026-08-14 02:02:09.109504+00,,{},KW
bac2c20a-a1f3-4367-9757-d6892882ce64,598d82e7-8002-4423-9468-d58ec371907c,Ali Hasan Muhaisen,Defender,16,174,1999-01-12,Kuwait,https://ontmfbptthwipfzlywwh.supabase.co/storage/v1/object/sign/player-photos/db33ed05-da6c-4757-bc55-a90818cbef6f.jpeg?token=eyJraWQiOiJzdG9yYWdlLXVybC1zaWduaW5nLWtleV9hODVlNGZkYi1iOWRjLTQ2NWUtOGNiNy0xZjRiZmY0OWJiMjciLCJhbGciOiJIUzI1NiJ9.eyJ1cmwiOiJwbGF5ZXItcGhvdG9zL2RiMzNlZDA1LWRhNmMtNDc1Ny1iYzU1LWE5MDgxOGNiZWY2Zi5qcGVnIiwic2NvcGUiOiJkb3dubG9hZCIsImlhdCI6MTc4NjY3MzAwNywiZXhwIjoxOTQ0MzUzMDA3fQ.UtYms6Xfpkp53QcM3hnuV1nZGWT14pgFYjcbL2TIqc0,2026-08-14 02:03:30.68504+00,2026-08-14 02:03:30.68504+00,168K,{},KW
5dfe5972-b6e4-4cf4-9133-54a90386c25c,598d82e7-8002-4423-9468-d58ec371907c,Hamad Al Qallaf,Defender,15,171,1999-12-04,Kuwait,https://ontmfbptthwipfzlywwh.supabase.co/storage/v1/object/sign/player-photos/f396d2e3-e1ec-43a5-981b-6921e3e15ac6.jpeg?token=eyJraWQiOiJzdG9yYWdlLXVybC1zaWduaW5nLWtleV9hODVlNGZkYi1iOWRjLTQ2NWUtOGNiNy0xZjRiZmY0OWJiMjciLCJhbGciOiJIUzI1NiJ9.eyJ1cmwiOiJwbGF5ZXItcGhvdG9zL2YzOTZkMmUzLWUxZWMtNDNhNS05ODFiLTY5MjFlM2UxNWFjNi5qcGVnIiwic2NvcGUiOiJkb3dubG9hZCIsImlhdCI6MTc4NjY3MzA4NSwiZXhwIjoxOTQ0MzUzMDg1fQ.GxgCQEV1AbVZFM8zMnNyf5gPqKJdIMpmqH2Bv-lJPTQ,2026-08-14 02:04:48.83441+00,2026-08-14 02:04:48.83441+00,358K,{},KW
464cd2ce-2221-4401-bb27-3b38651dfd88,598d82e7-8002-4423-9468-d58ec371907c,Jumma Aboud,Defender,5,188,1999-03-19,Syria,https://ontmfbptthwipfzlywwh.supabase.co/storage/v1/object/sign/player-photos/9abd9a8b-d9aa-4c0a-842e-197b4ea09453.jpeg?token=eyJraWQiOiJzdG9yYWdlLXVybC1zaWduaW5nLWtleV9hODVlNGZkYi1iOWRjLTQ2NWUtOGNiNy0xZjRiZmY0OWJiMjciLCJhbGciOiJIUzI1NiJ9.eyJ1cmwiOiJwbGF5ZXItcGhvdG9zLzlhYmQ5YThiLWQ5YWEtNGMwYS04NDJlLTE5N2I0ZWEwOTQ1My5qcGVnIiwic2NvcGUiOiJkb3dubG9hZCIsImlhdCI6MTc4NjY3MjU3NywiZXhwIjoxOTQ0MzUyNTc3fQ.S-uIUbteyPPs7-yusA4jmw73HkduarcU0eb1uAWSfwg,2026-08-06 20:43:02.484446+00,2026-08-14 02:07:07.952233+00,306K,{},SY
bf93b2dc-c8df-41a9-a062-0bdeac6ecced,e62bea24-9251-4e69-b03b-b0f3fae6618f,Yaser Dashti,Midfielder,14,,1998-04-21,Kuwait,https://ontmfbptthwipfzlywwh.supabase.co/storage/v1/object/sign/player-photos/9a0ec30f-bd7c-4825-b575-9f0905f71084.jpeg?token=eyJraWQiOiJzdG9yYWdlLXVybC1zaWduaW5nLWtleV9hODVlNGZkYi1iOWRjLTQ2NWUtOGNiNy0xZjRiZmY0OWJiMjciLCJhbGciOiJIUzI1NiJ9.eyJ1cmwiOiJwbGF5ZXItcGhvdG9zLzlhMGVjMzBmLWJkN2MtNDgyNS1iNTc1LTlmMDkwNWY3MTA4NC5qcGVnIiwic2NvcGUiOiJkb3dubG9hZCIsImlhdCI6MTc4NzI1OTYwNSwiZXhwIjoxOTQ0OTM5NjA1fQ.KBYewZ7hU2PmA2fD1ATVx47LuabwEBsBFJFsd-oci4g,2026-08-20 20:06:01.771728+00,2026-08-20 21:00:08.478803+00,,{},KW
5eadb220-bcf0-44c6-bdd1-0c1754721bf5,e62bea24-9251-4e69-b03b-b0f3fae6618f,Fahad Zuwaid,Midfielder,19,,1999-01-28,Kuwait,https://ontmfbptthwipfzlywwh.supabase.co/storage/v1/object/sign/player-photos/9716f9b9-99bb-4dbb-ac56-457dc20e764e.jpeg?token=eyJraWQiOiJzdG9yYWdlLXVybC1zaWduaW5nLWtleV9hODVlNGZkYi1iOWRjLTQ2NWUtOGNiNy0xZjRiZmY0OWJiMjciLCJhbGciOiJIUzI1NiJ9.eyJ1cmwiOiJwbGF5ZXItcGhvdG9zLzk3MTZmOWI5LTk5YmItNGRiYi1hYzU2LTQ1N2RjMjBlNzY0ZS5qcGVnIiwic2NvcGUiOiJkb3dubG9hZCIsImlhdCI6MTc4NzI1OTYyNCwiZXhwIjoxOTQ0OTM5NjI0fQ.DPbmq2bLmizwHyp71-IKrr8prkVVOmxS73DmZuSRU-M,2026-08-20 20:09:18.086068+00,2026-08-20 21:00:26.136235+00,,{},KW
e00beba3-1151-4a0c-abae-6f0896d1dfa8,073cfa17-037f-4b8b-a79a-aeb5dbee9a40,Yasser Al Ramzi,Goalkeeper,,,,Kuwait,,2026-08-21 19:58:55.989924+00,2026-08-21 19:58:58.02539+00,,{},KW
71ac7b44-a9e4-4b95-8337-1eb53992fcdb,e62bea24-9251-4e69-b03b-b0f3fae6618f,Nawaf Al Shaibani,Midfielder,8,,1992-04-13,Kuwait,https://ontmfbptthwipfzlywwh.supabase.co/storage/v1/object/sign/player-photos/b64ce84a-52f4-4faf-b8dd-7c0990a03d83.jpeg?token=eyJraWQiOiJzdG9yYWdlLXVybC1zaWduaW5nLWtleV9hODVlNGZkYi1iOWRjLTQ2NWUtOGNiNy0xZjRiZmY0OWJiMjciLCJhbGciOiJIUzI1NiJ9.eyJ1cmwiOiJwbGF5ZXItcGhvdG9zL2I2NGNlODRhLTUyZjQtNGZhZi1iOGRkLTdjMDk5MGEwM2Q4My5qcGVnIiwic2NvcGUiOiJkb3dubG9hZCIsImlhdCI6MTc4NzI1OTE1MCwiZXhwIjoxOTQ0OTM5MTUwfQ.EDXxIjtxBcETJrH4N8_LMFZkaUFHQ46QB00nV4GB2CY,2026-08-20 20:04:43.226246+00,2026-08-20 20:52:32.603508+00,,{},KW
3f511e14-2914-42fa-999b-6576dd1d58d7,073cfa17-037f-4b8b-a79a-aeb5dbee9a40,Ali Fadel,Goalkeeper,,,1993-10-27,Kuwait,,2026-08-21 19:59:08.763634+00,2026-08-21 19:59:09.463253+00,,{},KW
8ae9b747-4449-46c0-a91b-5fb4d5810234,073cfa17-037f-4b8b-a79a-aeb5dbee9a40,Ahmad Dashti,Goalkeeper,,181,1994-08-24,Kuwait,,2026-08-21 19:59:32.196419+00,2026-08-21 19:59:32.889272+00,,{},KW
1fd92ced-0cb5-4b72-be6d-779a8a346b9f,073cfa17-037f-4b8b-a79a-aeb5dbee9a40,Mohammed Naeem,Defender,,175,1996-08-12,Jordan,,2026-08-21 19:59:57.008497+00,2026-08-21 20:00:11.742528+00,,{},JO
cd977101-e633-4545-b867-7ad014016126,073cfa17-037f-4b8b-a79a-aeb5dbee9a40,Shereedah Al Shereedah,Midfielder,,,1992-06-22,Kuwait,,2026-08-21 20:12:08.50547+00,2026-08-21 20:12:09.343141+00,,{},KW
13674462-d922-40b9-8636-8daecd85f712,666d9085-19bc-476a-a70a-e778d088eb23,Aboubacar Junior Doumbia,Forward,,172,1999-11-12,Cote d'Ivoire,,2026-08-21 21:42:48.765995+00,2026-08-21 21:42:48.765995+00,,{},CI
1f0f8a65-7b04-4de6-9887-2133414b78ed,598d82e7-8002-4423-9468-d58ec371907c,Leonardo Sheldon,Defender,3,185,1999-04-22,Brazil,https://ontmfbptthwipfzlywwh.supabase.co/storage/v1/object/sign/player-photos/82ccd92d-7d9d-49a2-a79a-27af5a6a7ead.jpeg?token=eyJraWQiOiJzdG9yYWdlLXVybC1zaWduaW5nLWtleV9hODVlNGZkYi1iOWRjLTQ2NWUtOGNiNy0xZjRiZmY0OWJiMjciLCJhbGciOiJIUzI1NiJ9.eyJ1cmwiOiJwbGF5ZXItcGhvdG9zLzgyY2NkOTJkLTdkOWQtNDlhMi1hNzlhLTI3YWY1YTZhN2VhZC5qcGVnIiwic2NvcGUiOiJkb3dubG9hZCIsImlhdCI6MTc4NjY3MzQzMiwiZXhwIjoxOTQ0MzUzNDMyfQ.7ZPkWxwmuVdSy_Tc_2WVl7z1hXlFGCPQARxhY9p8T4c,2026-08-14 02:10:36.083608+00,2026-08-14 02:10:36.083608+00,168K,{},BR
95edfade-c364-402e-8ccd-bb82329b717d,598d82e7-8002-4423-9468-d58ec371907c,Hamad Al Harbi,Defender,12,173,1992-07-24,Kuwait,https://ontmfbptthwipfzlywwh.supabase.co/storage/v1/object/sign/player-photos/93e00fb4-bde3-4bf0-845f-737f6d45a482.jpeg?token=eyJraWQiOiJzdG9yYWdlLXVybC1zaWduaW5nLWtleV9hODVlNGZkYi1iOWRjLTQ2NWUtOGNiNy0xZjRiZmY0OWJiMjciLCJhbGciOiJIUzI1NiJ9.eyJ1cmwiOiJwbGF5ZXItcGhvdG9zLzkzZTAwZmI0LWJkZTMtNGJmMC04NDVmLTczN2Y2ZDQ1YTQ4Mi5qcGVnIiwic2NvcGUiOiJkb3dubG9hZCIsImlhdCI6MTc4NjY3Mzg1MywiZXhwIjoxOTQ0MzUzODUzfQ.NFaHCs1Yr30ZeLvaKnQLf-dvtQyPOKGT3v64W3sYgsM,2026-08-14 02:17:36.400257+00,2026-08-14 02:17:37.152155+00,150K,{},KW
c06d55d7-1155-47d9-bc12-e9dea3bffa5e,598d82e7-8002-4423-9468-d58ec371907c,Abdulwahab Awadi,Defender,2,,2002-06-02,Kuwait,https://ontmfbptthwipfzlywwh.supabase.co/storage/v1/object/sign/player-photos/45f383d7-4d0f-48aa-9d27-afddb3468a5b.jpeg?token=eyJraWQiOiJzdG9yYWdlLXVybC1zaWduaW5nLWtleV9hODVlNGZkYi1iOWRjLTQ2NWUtOGNiNy0xZjRiZmY0OWJiMjciLCJhbGciOiJIUzI1NiJ9.eyJ1cmwiOiJwbGF5ZXItcGhvdG9zLzQ1ZjM4M2Q3LTRkMGYtNDhhYS05ZDI3LWFmZGRiMzQ2OGE1Yi5qcGVnIiwic2NvcGUiOiJkb3dubG9hZCIsImlhdCI6MTc4NjY3Mzk4NiwiZXhwIjoxOTQ0MzUzOTg2fQ.CkcJkcBnxIXhvzw11doTjYwtVSXEMNIQFdlFz_Cn20I,2026-08-14 02:19:49.871429+00,2026-08-14 02:19:50.512613+00,,{},KW
2a7c9494-a5c3-462f-8af0-7dea24c04a78,598d82e7-8002-4423-9468-d58ec371907c,Mohammed Khaled,Defender,4,179,1996-06-23,Kuwait,https://ontmfbptthwipfzlywwh.supabase.co/storage/v1/object/sign/player-photos/db4acddd-1339-4f5f-88d6-6882b157887a.jpeg?token=eyJraWQiOiJzdG9yYWdlLXVybC1zaWduaW5nLWtleV9hODVlNGZkYi1iOWRjLTQ2NWUtOGNiNy0xZjRiZmY0OWJiMjciLCJhbGciOiJIUzI1NiJ9.eyJ1cmwiOiJwbGF5ZXItcGhvdG9zL2RiNGFjZGRkLTEzMzktNGY1Zi04OGQ2LTY4ODJiMTU3ODg3YS5qcGVnIiwic2NvcGUiOiJkb3dubG9hZCIsImlhdCI6MTc4NjY3NDA3MSwiZXhwIjoxOTQ0MzU0MDcxfQ.VyDe7KvEbM__5ZdiXZj0oJ860p64eHp5nl8JM7g8RLM,2026-08-14 02:21:14.706575+00,2026-08-14 02:21:15.479967+00,254K,{},KW
beb6f083-c9d2-4f45-8777-b91ad5dade8b,598d82e7-8002-4423-9468-d58ec371907c,Joher Khadim Rassoul,Defender,89,187,1995-12-31,Senegal,https://ontmfbptthwipfzlywwh.supabase.co/storage/v1/object/sign/player-photos/da8771cc-2f2c-4c0b-a049-f02d84c32dc3.jpeg?token=eyJraWQiOiJzdG9yYWdlLXVybC1zaWduaW5nLWtleV9hODVlNGZkYi1iOWRjLTQ2NWUtOGNiNy0xZjRiZmY0OWJiMjciLCJhbGciOiJIUzI1NiJ9.eyJ1cmwiOiJwbGF5ZXItcGhvdG9zL2RhODc3MWNjLTJmMmMtNGMwYi1hMDQ5LWYwMmQ4NGMzMmRjMy5qcGVnIiwic2NvcGUiOiJkb3dubG9hZCIsImlhdCI6MTc4NjY3NDE2OCwiZXhwIjoxOTQ0MzU0MTY4fQ.XIZ4O4X_l4_ICNRFjBeOSMt5gQiI8nMwAfTcBUOQcJc,2026-08-14 02:22:51.586157+00,2026-08-14 02:22:51.586157+00,214K,{},SN
e4f3fecc-5913-44a6-aca5-e415b03a02d0,598d82e7-8002-4423-9468-d58ec371907c,Lucas Shallon,Forward,27,178,1998-02-19,Brazil,https://ontmfbptthwipfzlywwh.supabase.co/storage/v1/object/sign/player-photos/c1c82982-2d07-45c6-a373-fec1cc9e0c0a.jpeg?token=eyJraWQiOiJzdG9yYWdlLXVybC1zaWduaW5nLWtleV9hODVlNGZkYi1iOWRjLTQ2NWUtOGNiNy0xZjRiZmY0OWJiMjciLCJhbGciOiJIUzI1NiJ9.eyJ1cmwiOiJwbGF5ZXItcGhvdG9zL2MxYzgyOTgyLTJkMDctNDVjNi1hMzczLWZlYzFjYzllMGMwYS5qcGVnIiwic2NvcGUiOiJkb3dubG9hZCIsImlhdCI6MTc4NjUxMzgzNSwiZXhwIjoxOTQ0MTkzODM1fQ.PvdjL2UiW7kGHZ0se8cshrq0IObcUKshekL3CywilYI,2026-07-31 22:24:57.924975+00,2026-08-14 02:24:12.375604+00,,{https://www.instagram.com/lucasshallon10?igsh=cWdob3B5b3Vobnd3},BR
efcb9e9a-3ebb-4a7b-975a-2b721da13798,598d82e7-8002-4423-9468-d58ec371907c,Nayef Al Shammari,Midfielder,20,172,1995-01-30,Kuwait,https://ontmfbptthwipfzlywwh.supabase.co/storage/v1/object/sign/player-photos/8f116c4a-f602-4e9b-8f9f-af8ecd169215.jpeg?token=eyJraWQiOiJzdG9yYWdlLXVybC1zaWduaW5nLWtleV9hODVlNGZkYi1iOWRjLTQ2NWUtOGNiNy0xZjRiZmY0OWJiMjciLCJhbGciOiJIUzI1NiJ9.eyJ1cmwiOiJwbGF5ZXItcGhvdG9zLzhmMTE2YzRhLWY2MDItNGU5Yi04ZjlmLWFmOGVjZDE2OTIxNS5qcGVnIiwic2NvcGUiOiJkb3dubG9hZCIsImlhdCI6MTc4NjY3NDYxMSwiZXhwIjoxOTQ0MzU0NjExfQ.AW39sfvgxAxY2mpi5cQDpxAV0ieXsmzJQjaIa7d6zsU,2026-08-14 02:30:13.587301+00,2026-08-14 02:30:14.367742+00,,{},KW
8d9b31cb-858f-45c2-b497-3a46b4423ba4,598d82e7-8002-4423-9468-d58ec371907c,Ali Aziz,Midfielder,6,181,2004-03-11,Iran,https://ontmfbptthwipfzlywwh.supabase.co/storage/v1/object/sign/player-photos/60caae8e-597f-4e42-90e1-89d2fe124d70.jpeg?token=eyJraWQiOiJzdG9yYWdlLXVybC1zaWduaW5nLWtleV9hODVlNGZkYi1iOWRjLTQ2NWUtOGNiNy0xZjRiZmY0OWJiMjciLCJhbGciOiJIUzI1NiJ9.eyJ1cmwiOiJwbGF5ZXItcGhvdG9zLzYwY2FhZThlLTU5N2YtNGU0Mi05MGUxLTg5ZDJmZTEyNGQ3MC5qcGVnIiwic2NvcGUiOiJkb3dubG9hZCIsImlhdCI6MTc4NjY3NDY3MCwiZXhwIjoxOTQ0MzU0NjcwfQ.DWrUw2OhasxDundkm_e9rOrsR7Og143iVnpyfuwSppc,2026-08-14 02:31:21.662266+00,2026-08-14 02:31:21.662266+00,283K,{},IR
bb4cfc78-7f4a-40c0-b412-544c19349e3f,598d82e7-8002-4423-9468-d58ec371907c,Bader Al Mutairi,Midfielder,28,182,2003-09-25,Kuwait,https://ontmfbptthwipfzlywwh.supabase.co/storage/v1/object/sign/player-photos/fc493164-b42f-4350-a8b3-2119cf737845.jpeg?token=eyJraWQiOiJzdG9yYWdlLXVybC1zaWduaW5nLWtleV9hODVlNGZkYi1iOWRjLTQ2NWUtOGNiNy0xZjRiZmY0OWJiMjciLCJhbGciOiJIUzI1NiJ9.eyJ1cmwiOiJwbGF5ZXItcGhvdG9zL2ZjNDkzMTY0LWI0MmYtNDM1MC1hOGIzLTIxMTljZjczNzg0NS5qcGVnIiwic2NvcGUiOiJkb3dubG9hZCIsImlhdCI6MTc4NjY3NDk3MSwiZXhwIjoxOTQ0MzU0OTcxfQ.4vjsJaaYeptsKeO4jBAjReuvogusEH7FFWcvAi-WDyk,2026-08-14 02:36:15.056765+00,2026-08-14 02:36:15.056765+00,162K,{},KW
2a076289-59ed-464b-bdf5-77b53ac1e44b,598d82e7-8002-4423-9468-d58ec371907c,Bader Tareq,Midfielder,7,179,1997-04-21,Kuwait,https://ontmfbptthwipfzlywwh.supabase.co/storage/v1/object/sign/player-photos/a8338fb5-d638-408a-b1ed-b2f4af7a2ddf.jpeg?token=eyJraWQiOiJzdG9yYWdlLXVybC1zaWduaW5nLWtleV9hODVlNGZkYi1iOWRjLTQ2NWUtOGNiNy0xZjRiZmY0OWJiMjciLCJhbGciOiJIUzI1NiJ9.eyJ1cmwiOiJwbGF5ZXItcGhvdG9zL2E4MzM4ZmI1LWQ2MzgtNDA4YS1iMWVkLWIyZjRhZjdhMmRkZi5qcGVnIiwic2NvcGUiOiJkb3dubG9hZCIsImlhdCI6MTc4NjY3NTA2NywiZXhwIjoxOTQ0MzU1MDY3fQ.HPqnimoOSrnLrhHTLaFX_nL13JcvkNnlPJWz31_aCkA,2026-08-14 02:37:51.699661+00,2026-08-14 02:37:51.699661+00,312K,{},KW
8399f0ab-4929-4eb1-b07b-e0324bbf602f,598d82e7-8002-4423-9468-d58ec371907c,Khaled Al Mershed,Midfielder,14,183,1999-04-05,Kuwait,https://ontmfbptthwipfzlywwh.supabase.co/storage/v1/object/sign/player-photos/8404c096-2201-4566-b3bb-4ce4cbe5a6b0.jpeg?token=eyJraWQiOiJzdG9yYWdlLXVybC1zaWduaW5nLWtleV9hODVlNGZkYi1iOWRjLTQ2NWUtOGNiNy0xZjRiZmY0OWJiMjciLCJhbGciOiJIUzI1NiJ9.eyJ1cmwiOiJwbGF5ZXItcGhvdG9zLzg0MDRjMDk2LTIyMDEtNDU2Ni1iM2JiLTRjZTRjYmU1YTZiMC5qcGVnIiwic2NvcGUiOiJkb3dubG9hZCIsImlhdCI6MTc4NjY3NTE1MSwiZXhwIjoxOTQ0MzU1MTUxfQ.Rc-tPTai8uqr2pjpOmWYY06rgDnT0xPjPdt1rcIZ2IU,2026-08-14 02:39:13.725701+00,2026-08-14 02:39:13.725701+00,289K,{},KW
e465f0e7-6987-45d3-8926-ceb9ca54399b,598d82e7-8002-4423-9468-d58ec371907c,Hussain Ashkanani,Midfielder,8,184,2002-01-25,Kuwait,https://ontmfbptthwipfzlywwh.supabase.co/storage/v1/object/sign/player-photos/4642028f-45a8-4fc0-afa6-49eb6d01d2dc.jpeg?token=eyJraWQiOiJzdG9yYWdlLXVybC1zaWduaW5nLWtleV9hODVlNGZkYi1iOWRjLTQ2NWUtOGNiNy0xZjRiZmY0OWJiMjciLCJhbGciOiJIUzI1NiJ9.eyJ1cmwiOiJwbGF5ZXItcGhvdG9zLzQ2NDIwMjhmLTQ1YTgtNGZjMC1hZmE2LTQ5ZWI2ZDAxZDJkYy5qcGVnIiwic2NvcGUiOiJkb3dubG9hZCIsImlhdCI6MTc4NjY3NTIzOCwiZXhwIjoxOTQ0MzU1MjM4fQ.WmXDA6ryGCAsXxvhdNnMOExkQFGMuCzBRZZuAH_ybvw,2026-08-14 02:40:40.372697+00,2026-08-14 02:40:40.372697+00,335K,{},KW
568fb255-56c7-4646-9448-9d2622777afc,4f941a6e-7ce2-416e-b293-7f010c901415,Shakhzod Azmiddinov,Defender,8,188,2000-08-07,Uzbekistan,,2026-08-15 19:07:17.15431+00,2026-08-15 19:07:17.15431+00,220K,{},UZ
6c53b429-a6b8-442d-8040-038b8903409b,4f941a6e-7ce2-416e-b293-7f010c901415,Fawaz Ayedh,Midfielder,10,,1997-02-20,Kuwait,,2026-08-15 19:18:39.831445+00,2026-08-15 19:18:39.831445+00,277K,{},KW
4a5e3a79-7707-4d40-a44f-a335bae57171,4f941a6e-7ce2-416e-b293-7f010c901415,Mubarak Al Faneni,Forward,10,166,2000-01-20,Kuwait,,2026-08-16 00:39:05.171133+00,2026-08-16 00:39:05.171133+00,434K,{},KW
2139164b-d76d-48cd-91b2-6a7226ba38e1,4f941a6e-7ce2-416e-b293-7f010c901415,Aqeel Al Hazeem,Forward,11,,1999-12-07,Kuwait,,2026-08-16 00:46:06.753966+00,2026-08-16 00:46:06.753966+00,255K,{},KW
cfbf43a4-03c8-4013-9f82-8394720d530d,073cfa17-037f-4b8b-a79a-aeb5dbee9a40,Ahmad Bader,Goalkeeper,,,,Kuwait,,2026-08-21 20:00:33.741179+00,2026-08-21 20:00:34.678249+00,,{},KW
977456de-d8da-4337-87ca-c7c241628f4f,598d82e7-8002-4423-9468-d58ec371907c,Canaan Markneh,Midfielder,10,190,1998-03-30,Ethiopia,https://ontmfbptthwipfzlywwh.supabase.co/storage/v1/object/sign/player-photos/9bf5176f-3c1e-4722-8200-38e7ac80d4d7.jpeg?token=eyJraWQiOiJzdG9yYWdlLXVybC1zaWduaW5nLWtleV9hODVlNGZkYi1iOWRjLTQ2NWUtOGNiNy0xZjRiZmY0OWJiMjciLCJhbGciOiJIUzI1NiJ9.eyJ1cmwiOiJwbGF5ZXItcGhvdG9zLzliZjUxNzZmLTNjMWUtNDcyMi04MjAwLTM4ZTdhYzgwZDRkNy5qcGVnIiwic2NvcGUiOiJkb3dubG9hZCIsImlhdCI6MTc4NjY3NTQ1NSwiZXhwIjoxOTQ0MzU1NDU1fQ.SbSy2ycuFYkNmtyXuolOpNgqEmaYtj0QCnUEACUwCPQ,2026-08-14 02:44:18.461086+00,2026-08-14 02:44:19.41151+00,387K,{},ET
0626d6b0-0f55-44db-b3ad-b3927c4fea31,598d82e7-8002-4423-9468-d58ec371907c,Yousef Majed,Midfielder,30,170,2005-01-13,Kuwait,https://ontmfbptthwipfzlywwh.supabase.co/storage/v1/object/sign/player-photos/7b807104-db35-486e-91be-da47c18be30b.jpeg?token=eyJraWQiOiJzdG9yYWdlLXVybC1zaWduaW5nLWtleV9hODVlNGZkYi1iOWRjLTQ2NWUtOGNiNy0xZjRiZmY0OWJiMjciLCJhbGciOiJIUzI1NiJ9.eyJ1cmwiOiJwbGF5ZXItcGhvdG9zLzdiODA3MTA0LWRiMzUtNDg2ZS05MWJlLWRhNDdjMThiZTMwYi5qcGVnIiwic2NvcGUiOiJkb3dubG9hZCIsImlhdCI6MTc4NjY3NTUxOCwiZXhwIjoxOTQ0MzU1NTE4fQ.YgepdAVuQS5Sr4bYEOp7S2lfLexkmVDwGvJNy3KYujY,2026-08-14 02:45:21.130256+00,2026-08-14 02:45:21.130256+00,266K,{},KW
c1570a8d-d0c7-4b8c-ad71-7012b0db96e1,598d82e7-8002-4423-9468-d58ec371907c,Ali Al Doukhi,Forward,9,,2000-01-09,Kuwait,https://ontmfbptthwipfzlywwh.supabase.co/storage/v1/object/sign/player-photos/44953032-89fb-4d7f-8abc-d3449ca246ff.jpeg?token=eyJraWQiOiJzdG9yYWdlLXVybC1zaWduaW5nLWtleV9hODVlNGZkYi1iOWRjLTQ2NWUtOGNiNy0xZjRiZmY0OWJiMjciLCJhbGciOiJIUzI1NiJ9.eyJ1cmwiOiJwbGF5ZXItcGhvdG9zLzQ0OTUzMDMyLTg5ZmItNGQ3Zi04YWJjLWQzNDQ5Y2EyNDZmZi5qcGVnIiwic2NvcGUiOiJkb3dubG9hZCIsImlhdCI6MTc4NjY3NjQ2MiwiZXhwIjoxOTQ0MzU2NDYyfQ.wMbwXD8EK18rq58EP-pk9sd2hQCLLg2guJ-THmGCjtI,2026-08-14 03:01:06.050108+00,2026-08-14 03:01:06.050108+00,,{},KW
f5f92199-d8c7-44ea-939e-fa50a4d90a91,598d82e7-8002-4423-9468-d58ec371907c,Talal Al Qaisi,Forward,23,171,2002-02-24,Kuwait,https://ontmfbptthwipfzlywwh.supabase.co/storage/v1/object/sign/player-photos/e705d2c5-3ecf-434a-828c-693d575eabb4.jpeg?token=eyJraWQiOiJzdG9yYWdlLXVybC1zaWduaW5nLWtleV9hODVlNGZkYi1iOWRjLTQ2NWUtOGNiNy0xZjRiZmY0OWJiMjciLCJhbGciOiJIUzI1NiJ9.eyJ1cmwiOiJwbGF5ZXItcGhvdG9zL2U3MDVkMmM1LTNlY2YtNDM0YS04MjhjLTY5M2Q1NzVlYWJiNC5qcGVnIiwic2NvcGUiOiJkb3dubG9hZCIsImlhdCI6MTc4NjY3NjU0NiwiZXhwIjoxOTQ0MzU2NTQ2fQ.Mn2OCb9iOPwHrD8UM-F_UDrbSqzBrza3OgW4uJaCxNI,2026-08-14 03:02:30.184949+00,2026-08-14 03:02:30.184949+00,,{},KW
0013de0b-3722-4c1c-a8a6-c92ae8fa7383,598d82e7-8002-4423-9468-d58ec371907c,Bandar Al Salama,Forward,10,182,2002-10-27,Kuwait,https://ontmfbptthwipfzlywwh.supabase.co/storage/v1/object/sign/player-photos/0e823c05-8ef6-42f0-a661-ec4ab42fb135.jpeg?token=eyJraWQiOiJzdG9yYWdlLXVybC1zaWduaW5nLWtleV9hODVlNGZkYi1iOWRjLTQ2NWUtOGNiNy0xZjRiZmY0OWJiMjciLCJhbGciOiJIUzI1NiJ9.eyJ1cmwiOiJwbGF5ZXItcGhvdG9zLzBlODIzYzA1LThlZjYtNDJmMC1hNjYxLWVjNGFiNDJmYjEzNS5qcGVnIiwic2NvcGUiOiJkb3dubG9hZCIsImlhdCI6MTc4NjY3NjY2NSwiZXhwIjoxOTQ0MzU2NjY1fQ.RYSm0PcbJPE1yKvD1U2bN7FhcmdN1Zkz9LH165LZkKw,2026-08-14 03:04:27.714258+00,2026-08-14 03:04:27.714258+00,283K,{},KW
e3a8d897-b70c-487f-888d-082ccff5bcfe,598d82e7-8002-4423-9468-d58ec371907c,Ali Khalaf,Forward,17,178,1995-01-15,Kuwait,https://ontmfbptthwipfzlywwh.supabase.co/storage/v1/object/sign/player-photos/b587f892-4c3c-4870-85f1-63576b1dd5d2.jpeg?token=eyJraWQiOiJzdG9yYWdlLXVybC1zaWduaW5nLWtleV9hODVlNGZkYi1iOWRjLTQ2NWUtOGNiNy0xZjRiZmY0OWJiMjciLCJhbGciOiJIUzI1NiJ9.eyJ1cmwiOiJwbGF5ZXItcGhvdG9zL2I1ODdmODkyLTRjM2MtNDg3MC04NWYxLTYzNTc2YjFkZDVkMi5qcGVnIiwic2NvcGUiOiJkb3dubG9hZCIsImlhdCI6MTc4NjY3Njc2MywiZXhwIjoxOTQ0MzU2NzYzfQ.o-uD-qr_Ra5L7KJGl22jcHVIrMvgFOLmSQUD4Wt5R18,2026-08-14 03:06:06.906723+00,2026-08-14 03:06:06.906723+00,312K,{},KW
a5d3c943-181e-44f3-9b29-07160862601b,598d82e7-8002-4423-9468-d58ec371907c,Anayo Iwuala,Forward,77,165,1999-03-19,Nigeria,https://ontmfbptthwipfzlywwh.supabase.co/storage/v1/object/sign/player-photos/c594b6d1-620d-4df3-b640-af4789169934.jpeg?token=eyJraWQiOiJzdG9yYWdlLXVybC1zaWduaW5nLWtleV9hODVlNGZkYi1iOWRjLTQ2NWUtOGNiNy0xZjRiZmY0OWJiMjciLCJhbGciOiJIUzI1NiJ9.eyJ1cmwiOiJwbGF5ZXItcGhvdG9zL2M1OTRiNmQxLTYyMGQtNGRmMy1iNjQwLWFmNDc4OTE2OTkzNC5qcGVnIiwic2NvcGUiOiJkb3dubG9hZCIsImlhdCI6MTc4NjY3NjgyNSwiZXhwIjoxOTQ0MzU2ODI1fQ.9jpyLDiUvU9IdgYWbsg2VW0pV_dM6q2XRgH66myFfmk,2026-08-14 03:07:08.443615+00,2026-08-14 03:07:08.443615+00,1.1m,{},NG
643911e1-9ddb-43b7-b212-b1b333c25ee5,598d82e7-8002-4423-9468-d58ec371907c,Zaid Qunbar,Forward,98,185,2002-09-04,Palestinian Territories,https://ontmfbptthwipfzlywwh.supabase.co/storage/v1/object/sign/player-photos/d30a1e20-e4ea-44a2-bb72-924e5a095893.jpeg?token=eyJraWQiOiJzdG9yYWdlLXVybC1zaWduaW5nLWtleV9hODVlNGZkYi1iOWRjLTQ2NWUtOGNiNy0xZjRiZmY0OWJiMjciLCJhbGciOiJIUzI1NiJ9.eyJ1cmwiOiJwbGF5ZXItcGhvdG9zL2QzMGExZTIwLWU0ZWEtNDRhMi1iYjcyLTkyNGU1YTA5NTg5My5qcGVnIiwic2NvcGUiOiJkb3dubG9hZCIsImlhdCI6MTc4NjY3NjkzMCwiZXhwIjoxOTQ0MzU2OTMwfQ.JgaDXCGWABCyNE11G-75BHLTQE4M_IaoqjJK3zvBbNA,2026-08-14 03:08:59.539693+00,2026-08-14 03:08:59.539693+00,393K,{},PS
0d1a544e-224a-4e05-97ca-2cfa36a0d19f,a7166bc6-b129-47bb-bc4e-e085b1a2dfcd,Meshal Shehab Kankoni,Goalkeeper,33,,,Kuwait,,2026-08-15 00:51:05.649665+00,2026-08-15 00:51:08.905128+00,,{},KW
0e3589ec-6739-4600-825f-b9ce2f7aa32e,4f941a6e-7ce2-416e-b293-7f010c901415,Trésor Yamba,Defender,29,188,1998-11-08,Congo - Kinshasa,,2026-08-15 19:10:34.618817+00,2026-08-15 19:10:34.618817+00,694K,{},CD
bf31b5e0-4ab5-4247-b4a9-4ead985c0365,4f941a6e-7ce2-416e-b293-7f010c901415,Mahdi Dashti ,Midfielder,19,173,2001-10-26,Kuwait,,2026-08-15 19:19:33.343721+00,2026-08-15 19:19:33.343721+00,225K,{},KW
3596bf16-5934-4625-9fe9-92d4da535a8f,a7166bc6-b129-47bb-bc4e-e085b1a2dfcd,Dhari Al Mesri,Goalkeeper,36,,2002-05-05,Kuwait,,2026-08-15 00:55:49.822041+00,2026-08-15 00:55:52.596725+00,,{},KW
bea67b68-518c-4adb-973b-069c69c778fc,a7166bc6-b129-47bb-bc4e-e085b1a2dfcd,Dhari Al Raqm,Defender,16,,1997-08-10,Kuwait,,2026-08-15 00:57:43.367605+00,2026-08-15 00:57:45.974876+00,,{},KW
ef05230b-ca35-4a79-af41-aa0ca3d25f94,4f941a6e-7ce2-416e-b293-7f010c901415,Moaath Al Enezi,Forward,17,167,2003-07-16,Kuwait,,2026-08-16 00:41:45.082609+00,2026-08-16 00:41:45.082609+00,277K,{},KW
90b03a46-ef52-4177-8575-24f4d092dcc3,a7166bc6-b129-47bb-bc4e-e085b1a2dfcd,Sultan Al Enezi,Midfielder,4,186,1992-03-29,Kuwait,,2026-08-15 00:56:33.989317+00,2026-08-15 00:56:36.981469+00,200000,{},KW
7e2f1856-d83c-4887-ba2b-9491d0baf03b,666d9085-19bc-476a-a70a-e778d088eb23,Saud Qassem,Forward,,,2003-05-11,Kuwait,,2026-08-21 21:48:02.979608+00,2026-08-21 21:48:02.979608+00,,{},KW
bb4184be-82b0-41d2-9267-3496100f246b,a7166bc6-b129-47bb-bc4e-e085b1a2dfcd,Khaled Shaman Al Mutairi,Midfielder,5,183,1996-08-14,Kuwait,,2026-08-15 00:57:16.882808+00,2026-08-15 00:57:19.235432+00,,{},KW
1d0264fc-e087-4a2e-9069-1011e0e3bec2,a7166bc6-b129-47bb-bc4e-e085b1a2dfcd,Abdullah Ghanim Al Fahad,Midfielder,6,,1997-02-12,Kuwait,,2026-08-15 00:58:10.141853+00,2026-08-15 00:58:19.921863+00,,{},KW
cb24f691-310e-485f-8c33-5f301425705b,a7166bc6-b129-47bb-bc4e-e085b1a2dfcd,Youssef Al Khatib,Forward,18,,,Kuwait,,2026-08-15 00:58:38.824871+00,2026-08-15 00:58:42.212589+00,,{},KW
599cf1d4-acaf-44c2-ad3f-47c57081917e,a7166bc6-b129-47bb-bc4e-e085b1a2dfcd,Montaser Al Abdulsalam,Midfielder,14,176,2005-05-17,Kuwait,,2026-08-15 00:59:00.244042+00,2026-08-15 00:59:04.098446+00,,{},KW
fc8c1f2f-9c17-4d92-8637-fffee03faf6a,a7166bc6-b129-47bb-bc4e-e085b1a2dfcd,Amath Ndaw,Midfielder,44,,2002-02-14,Senegal,,2026-08-15 00:59:23.159025+00,2026-08-15 00:59:25.902399+00,600000,{},SN
4aba87b3-516a-4df8-8cf8-13421c3b8fd7,a7166bc6-b129-47bb-bc4e-e085b1a2dfcd,Othman Al Shammari,Midfielder,74,,2000-04-04,Kuwait,,2026-08-15 00:59:42.42251+00,2026-08-15 00:59:44.355558+00,,{},KW
127178c8-1e0e-4703-8eeb-5d9e19732a2b,a7166bc6-b129-47bb-bc4e-e085b1a2dfcd,Mohamed Anter,Defender,12,184,2000-12-12,Egypt,,2026-08-15 00:59:56.237379+00,2026-08-15 00:59:58.914008+00,,{},EG
deb57723-11da-43b2-8e1c-bf7725e0ba75,a7166bc6-b129-47bb-bc4e-e085b1a2dfcd,Meshaal Marzouq Al Shammari,Forward,11,176,1999-08-07,Kuwait,,2026-08-15 01:00:29.683448+00,2026-08-15 01:00:31.971215+00,,{},KW
99196a9e-181e-4b4e-8a4c-02ca3e967cf7,a7166bc6-b129-47bb-bc4e-e085b1a2dfcd,Shabeeb Al Khaldi,Forward,17,185,1998-08-11,Kuwait,,2026-08-15 01:01:00.026285+00,2026-08-15 01:01:03.260222+00,175000,{},KW
85cf2798-5a62-452b-a40c-be9967afc7b9,a7166bc6-b129-47bb-bc4e-e085b1a2dfcd,Jarah Al Heleeli,Midfielder,19,176,2004-02-29,Kuwait,,2026-08-15 01:01:18.726774+00,2026-08-15 01:01:20.611387+00,,{},KW
bda15ab1-b241-4d1c-be20-9f1b67c0e195,a7166bc6-b129-47bb-bc4e-e085b1a2dfcd,Saleh Faisal Al Mehtab,Defender,2,,2003-09-18,Kuwait,,2026-08-15 01:01:35.35815+00,2026-08-15 01:01:36.20875+00,,{},KW
19b6402c-922e-4753-99a1-ce8ec584dc8b,a7166bc6-b129-47bb-bc4e-e085b1a2dfcd,Patrick Robson,Forward,98,182,1998-05-11,Brazil,,2026-08-15 01:01:56.137385+00,2026-08-15 01:01:57.257076+00,350000,{},BR
9bc85eb2-b1cb-4e82-9c13-5f33ae618496,a7166bc6-b129-47bb-bc4e-e085b1a2dfcd,Abdulwahab Al Mehtab,Unknown,27,,,Kuwait,,2026-08-15 01:02:24.79519+00,2026-08-15 01:02:25.618725+00,,{},KW
e69c02fb-44ef-4cf7-b29a-c6d8ef4d03f5,a7166bc6-b129-47bb-bc4e-e085b1a2dfcd,Khalifa Rahil,Goalkeeper,22,,,Kuwait,https://ontmfbptthwipfzlywwh.supabase.co/storage/v1/object/sign/player-photos/43de1f5f-aa17-4054-9b17-6026ccae87c5.jpeg?token=eyJraWQiOiJzdG9yYWdlLXVybC1zaWduaW5nLWtleV9hODVlNGZkYi1iOWRjLTQ2NWUtOGNiNy0xZjRiZmY0OWJiMjciLCJhbGciOiJIUzI1NiJ9.eyJ1cmwiOiJwbGF5ZXItcGhvdG9zLzQzZGUxZjVmLWFhMTctNDA1NC05YjE3LTYwMjZjY2FlODdjNS5qcGVnIiwic2NvcGUiOiJkb3dubG9hZCIsImlhdCI6MTc4Njc3MDQ0NCwiZXhwIjoxOTQ0NDUwNDQ0fQ.hdtt8ItYzQJJCxZi8yciesXo8r9-ur9StEnkt2kJXJ4,2026-08-15 00:56:09.356536+00,2026-08-15 05:07:29.253985+00,,{},KW
48bcd48a-b35f-4e10-a561-f3afebb877dc,a7166bc6-b129-47bb-bc4e-e085b1a2dfcd,Hussain Kankone,Goalkeeper,1,187,1989-04-16,Kuwait,https://ontmfbptthwipfzlywwh.supabase.co/storage/v1/object/sign/player-photos/39f21010-4882-4a16-9a37-ae8b99df9c88.jpeg?token=eyJraWQiOiJzdG9yYWdlLXVybC1zaWduaW5nLWtleV9hODVlNGZkYi1iOWRjLTQ2NWUtOGNiNy0xZjRiZmY0OWJiMjciLCJhbGciOiJIUzI1NiJ9.eyJ1cmwiOiJwbGF5ZXItcGhvdG9zLzM5ZjIxMDEwLTQ4ODItNGExNi05YTM3LWFlOGI5OWRmOWM4OC5qcGVnIiwic2NvcGUiOiJkb3dubG9hZCIsImlhdCI6MTc4Njc3MDQ2NCwiZXhwIjoxOTQ0NDUwNDY0fQ.fuvBfDZQGxu_ivyVHkretBtmoBpPSt4_Nkd6OGI3Su8,2026-08-15 00:54:38.134298+00,2026-08-15 05:07:48.309558+00,,{},KW
51ee8072-e45c-4a4f-a68f-930f5d0c8260,a7166bc6-b129-47bb-bc4e-e085b1a2dfcd,Faisal Al Subaie,Goalkeeper,35,,,Kuwait,https://ontmfbptthwipfzlywwh.supabase.co/storage/v1/object/sign/player-photos/cd6cff90-e6a5-4a70-93e0-01e3b8053ae2.jpeg?token=eyJraWQiOiJzdG9yYWdlLXVybC1zaWduaW5nLWtleV9hODVlNGZkYi1iOWRjLTQ2NWUtOGNiNy0xZjRiZmY0OWJiMjciLCJhbGciOiJIUzI1NiJ9.eyJ1cmwiOiJwbGF5ZXItcGhvdG9zL2NkNmNmZjkwLWU2YTUtNGE3MC05M2UwLTAxZTNiODA1M2FlMi5qcGVnIiwic2NvcGUiOiJkb3dubG9hZCIsImlhdCI6MTc4Njc3MDQ4OCwiZXhwIjoxOTQ0NDUwNDg4fQ.cJBqTiPDOQikQiLuHp4P0Du1sW6lt2_t709ZJ-N7gLM,2026-08-15 00:55:00.140319+00,2026-08-15 05:08:12.175409+00,,{},KW
3b534622-9dc3-4665-b742-bf328045dcc1,a7166bc6-b129-47bb-bc4e-e085b1a2dfcd,Ali Al Azaizeh,Midfielder,99,177,2004-04-13,Jordan,https://ontmfbptthwipfzlywwh.supabase.co/storage/v1/object/sign/player-photos/ec445f47-ada0-4853-ab84-47db9479d6f4.jpeg?token=eyJraWQiOiJzdG9yYWdlLXVybC1zaWduaW5nLWtleV9hODVlNGZkYi1iOWRjLTQ2NWUtOGNiNy0xZjRiZmY0OWJiMjciLCJhbGciOiJIUzI1NiJ9.eyJ1cmwiOiJwbGF5ZXItcGhvdG9zL2VjNDQ1ZjQ3LWFkYTAtNDg1My1hYjg0LTQ3ZGI5NDc5ZDZmNC5qcGVnIiwic2NvcGUiOiJkb3dubG9hZCIsImlhdCI6MTc4Njc3MTEwMCwiZXhwIjoxOTQ0NDUxMTAwfQ.uQKXXbaeSFca7LTd284OwE082i0sfdNzkc_3BySsq0w,2026-08-15 05:18:23.478239+00,2026-08-15 05:18:24.57736+00,393K,{},JO
33ba522a-ea2d-4b56-8b1c-859cdfa9f816,a7166bc6-b129-47bb-bc4e-e085b1a2dfcd,Bader Al Dhikrallah,Defender,3,,1997-01-24,Kuwait,https://ontmfbptthwipfzlywwh.supabase.co/storage/v1/object/sign/player-photos/f526f479-9cfa-4ada-a5ac-560cdebfeafe.jpeg?token=eyJraWQiOiJzdG9yYWdlLXVybC1zaWduaW5nLWtleV9hODVlNGZkYi1iOWRjLTQ2NWUtOGNiNy0xZjRiZmY0OWJiMjciLCJhbGciOiJIUzI1NiJ9.eyJ1cmwiOiJwbGF5ZXItcGhvdG9zL2Y1MjZmNDc5LTljZmEtNGFkYS1hNWFjLTU2MGNkZWJmZWFmZS5qcGVnIiwic2NvcGUiOiJkb3dubG9hZCIsImlhdCI6MTc4Njc3MTI0NiwiZXhwIjoxOTQ0NDUxMjQ2fQ.Jo3N7D8yM-a3d5VTHnPuta5wO0ZLnPO2e4CkMkRTXIE,2026-08-15 00:56:56.727585+00,2026-08-15 05:20:53.40239+00,,{},KW
b98d9a7b-86dd-437a-abe0-3393bbab89f3,8d6cb3fe-6e3d-4cdc-af60-ea9de938d174,Saud Al Jenaie,Goalkeeper,,170,1994-06-11,Kuwait,,2026-08-15 05:48:49.305215+00,2026-08-15 05:48:49.305215+00,,{},KW
6bd28caa-2298-4c97-b2e0-f2ab25367058,8d6cb3fe-6e3d-4cdc-af60-ea9de938d174,Khaled Ebrahim,Defender,36,185,1992-04-28,Kuwait,https://ontmfbptthwipfzlywwh.supabase.co/storage/v1/object/sign/player-photos/e7303841-2be5-41a8-9b4d-84958ef8b8b3.png?token=eyJraWQiOiJzdG9yYWdlLXVybC1zaWduaW5nLWtleV9hODVlNGZkYi1iOWRjLTQ2NWUtOGNiNy0xZjRiZmY0OWJiMjciLCJhbGciOiJIUzI1NiJ9.eyJ1cmwiOiJwbGF5ZXItcGhvdG9zL2U3MzAzODQxLTJiZTUtNDFhOC05YjRkLTg0OTU4ZWY4YjhiMy5wbmciLCJzY29wZSI6ImRvd25sb2FkIiwiaWF0IjoxNzg2Nzc1MTc3LCJleHAiOjE5NDQ0NTUxNzd9.FXZX0AFZxLM3laz33qA-cCNYGLzBa4KbMBJwa0Mm__w,2026-08-15 05:51:15.516218+00,2026-08-15 06:26:19.703409+00,272K,{},KW
a44a6a0f-845e-41f9-8a87-9a2897e772de,8d6cb3fe-6e3d-4cdc-af60-ea9de938d174,Dahman Dahman,Midfielder,,180,1998-08-16,Oman,,2026-08-15 05:57:07.693019+00,2026-08-15 05:57:23.393456+00,312K,{},OM
d6792312-a55c-4190-bd69-465f293bc141,8d6cb3fe-6e3d-4cdc-af60-ea9de938d174,Hamza Khabba,Forward,9,187,1996-06-08,Morocco,https://ontmfbptthwipfzlywwh.supabase.co/storage/v1/object/sign/player-photos/8bb88c7c-aea4-48c1-a088-350e9a90f916.jpeg?token=eyJraWQiOiJzdG9yYWdlLXVybC1zaWduaW5nLWtleV9hODVlNGZkYi1iOWRjLTQ2NWUtOGNiNy0xZjRiZmY0OWJiMjciLCJhbGciOiJIUzI1NiJ9.eyJ1cmwiOiJwbGF5ZXItcGhvdG9zLzhiYjg4YzdjLWFlYTQtNDhjMS1hMDg4LTM1MGU5YTkwZjkxNi5qcGVnIiwic2NvcGUiOiJkb3dubG9hZCIsImlhdCI6MTc4Njc3NTU4NSwiZXhwIjoxOTQ0NDU1NTg1fQ.dBHIEzkdYr4Hi2HsFoq7WT2mglFMW8tMRlTlVT8KOgw,2026-08-15 06:08:50.430037+00,2026-08-15 06:33:07.806367+00,532K,{},MA
e5f0beb5-d594-489b-998a-612dadffccb7,8d6cb3fe-6e3d-4cdc-af60-ea9de938d174,Ayoub Lakhdar,Midfielder,11,174,1997-08-08,Morocco,,2026-08-15 06:01:19.924534+00,2026-08-15 06:01:19.924534+00,457K,{},MA
5ff13ec4-f9a0-4d3a-a694-668db7f9fcc3,4f941a6e-7ce2-416e-b293-7f010c901415,Ahmed Awadh,Midfielder,,182,2005-05-18,Kuwait,,2026-08-15 19:20:36.315178+00,2026-08-15 19:20:36.315178+00,,{},KW
ca665533-5b4e-4024-94f6-6b178e3f0215,8d6cb3fe-6e3d-4cdc-af60-ea9de938d174,Gabriel Orok Ibitham,Forward,27,162,2001-04-28,Nigeria,,2026-08-15 06:10:20.325576+00,2026-08-15 06:10:20.979492+00,486K,{},NG
3926e80e-12c5-482d-87b5-a614abc52cb9,4f941a6e-7ce2-416e-b293-7f010c901415,Eissa Waleed,Defender,27,172,1990-04-21,Kuwait,,2026-08-15 19:11:52.786883+00,2026-08-15 19:13:46.855713+00,73K,{},KW
cff1cd10-8726-4cff-85e7-29df58c21113,8d6cb3fe-6e3d-4cdc-af60-ea9de938d174,Jean-Cedrik Gbo,Midfielder,,182,2002-09-09,Côte d’Ivoire,,2026-08-15 06:20:38.392059+00,2026-08-15 06:20:38.392059+00,445K,{},CI
10a4d857-23b0-4113-9652-d96e36967171,8d6cb3fe-6e3d-4cdc-af60-ea9de938d174,Hameed Al Qallaf,Goalkeeper,1,180,1987-08-10,Kuwait,https://ontmfbptthwipfzlywwh.supabase.co/storage/v1/object/sign/player-photos/06c7c2d3-d019-4a3c-abee-68c021e54171.png?token=eyJraWQiOiJzdG9yYWdlLXVybC1zaWduaW5nLWtleV9hODVlNGZkYi1iOWRjLTQ2NWUtOGNiNy0xZjRiZmY0OWJiMjciLCJhbGciOiJIUzI1NiJ9.eyJ1cmwiOiJwbGF5ZXItcGhvdG9zLzA2YzdjMmQzLWQwMTktNGEzYy1hYmVlLTY4YzAyMWU1NDE3MS5wbmciLCJzY29wZSI6ImRvd25sb2FkIiwiaWF0IjoxNzg2Nzc1MDI2LCJleHAiOjE5NDQ0NTUwMjZ9.IhmHOOaDiwJC38m9xzAFAliaKAb_SDZr2c9Pb1mkNRw,2026-08-15 05:47:53.532002+00,2026-08-15 06:23:49.69879+00,112K,{},KW
74bf4854-08a4-4661-9a7a-fa39d624579e,8d6cb3fe-6e3d-4cdc-af60-ea9de938d174,Abdulaziz Al Bahar,Goalkeeper,99,,2001-09-18,Kuwait,https://ontmfbptthwipfzlywwh.supabase.co/storage/v1/object/sign/player-photos/106b0493-0aab-4157-8fd9-eb2162a6057d.png?token=eyJraWQiOiJzdG9yYWdlLXVybC1zaWduaW5nLWtleV9hODVlNGZkYi1iOWRjLTQ2NWUtOGNiNy0xZjRiZmY0OWJiMjciLCJhbGciOiJIUzI1NiJ9.eyJ1cmwiOiJwbGF5ZXItcGhvdG9zLzEwNmIwNDkzLTBhYWItNDE1Ny04ZmQ5LWViMjE2MmE2MDU3ZC5wbmciLCJzY29wZSI6ImRvd25sb2FkIiwiaWF0IjoxNzg2Nzc1MDQyLCJleHAiOjE5NDQ0NTUwNDJ9.By0hJRwf-0UMtlsSIMdJ9umOjXJC_mNNLI5kPmmVSwU,2026-08-15 05:46:51.686616+00,2026-08-15 06:24:05.846783+00,,{},KW
c8be42b9-01f2-43b5-94b4-7c923c8ecd64,8d6cb3fe-6e3d-4cdc-af60-ea9de938d174,Khaled Sabah,Defender,3,,2002-02-23,Kuwait,https://ontmfbptthwipfzlywwh.supabase.co/storage/v1/object/sign/player-photos/ef4409e0-7b52-4e30-8d9e-a86186e69334.png?token=eyJraWQiOiJzdG9yYWdlLXVybC1zaWduaW5nLWtleV9hODVlNGZkYi1iOWRjLTQ2NWUtOGNiNy0xZjRiZmY0OWJiMjciLCJhbGciOiJIUzI1NiJ9.eyJ1cmwiOiJwbGF5ZXItcGhvdG9zL2VmNDQwOWUwLTdiNTItNGUzMC04ZDllLWE4NjE4NmU2OTMzNC5wbmciLCJzY29wZSI6ImRvd25sb2FkIiwiaWF0IjoxNzg2Nzc1MDg3LCJleHAiOjE5NDQ0NTUwODd9.Doyli5c8UchipDgM7iF3P5UcuQU_Uea4peU0C6IRe_4,2026-08-15 05:50:31.360824+00,2026-08-15 06:24:49.678468+00,266K,{},KW
6b5e76b5-50da-47c0-abad-066c94219523,8d6cb3fe-6e3d-4cdc-af60-ea9de938d174,Jassim Al Mutar,Midfielder,28,,2005-12-31,Kuwait,https://ontmfbptthwipfzlywwh.supabase.co/storage/v1/object/sign/player-photos/968e6f9d-56e9-4b2e-81a1-d9a7a4a025e5.png?token=eyJraWQiOiJzdG9yYWdlLXVybC1zaWduaW5nLWtleV9hODVlNGZkYi1iOWRjLTQ2NWUtOGNiNy0xZjRiZmY0OWJiMjciLCJhbGciOiJIUzI1NiJ9.eyJ1cmwiOiJwbGF5ZXItcGhvdG9zLzk2OGU2ZjlkLTU2ZTktNGIyZS04MWExLWQ5YTdhNGEwMjVlNS5wbmciLCJzY29wZSI6ImRvd25sb2FkIiwiaWF0IjoxNzg2Nzc1NTE2LCJleHAiOjE5NDQ0NTU1MTZ9.kcx2UHunxlzGhGzM7-oak5nLkR4WEfoHHISp7jMpQrU,2026-08-15 05:58:28.052904+00,2026-08-15 06:31:59.344164+00,312K,{},KW
079c1254-8956-4c09-bcad-e4001569e46f,4f941a6e-7ce2-416e-b293-7f010c901415,Omar Ali,Forward,,,2002-08-19,Kuwait,,2026-08-16 00:42:46.382318+00,2026-08-16 00:42:46.382318+00,,{},KW
5f319623-ef19-410b-82b1-a71457765a5c,4f941a6e-7ce2-416e-b293-7f010c901415,David Sambissa,Midfielder,,177,1996-01-11,Gabon,,2026-08-16 00:48:05.064042+00,2026-08-16 00:48:05.986724+00,474K,{},GA
e8197dc0-4843-46c0-9903-09a95a5b6aee,8d6cb3fe-6e3d-4cdc-af60-ea9de938d174,Moaath Al Dhaferi,Defender,3,,1997-05-19,Kuwait,https://ontmfbptthwipfzlywwh.supabase.co/storage/v1/object/sign/player-photos/da06e070-1bac-4cae-bc70-f7b094b2d32e.png?token=eyJraWQiOiJzdG9yYWdlLXVybC1zaWduaW5nLWtleV9hODVlNGZkYi1iOWRjLTQ2NWUtOGNiNy0xZjRiZmY0OWJiMjciLCJhbGciOiJIUzI1NiJ9.eyJ1cmwiOiJwbGF5ZXItcGhvdG9zL2RhMDZlMDcwLTFiYWMtNGNhZS1iYzcwLWY3YjA5NGIyZDMyZS5wbmciLCJzY29wZSI6ImRvd25sb2FkIiwiaWF0IjoxNzg2Nzc1MDcyLCJleHAiOjE5NDQ0NTUwNzJ9.5Ss7s8B4y6heTBcpqb7j3jvHB1yHsMWS1vaUO7w2wOI,2026-08-15 05:49:44.592344+00,2026-08-15 06:24:36.856194+00,306K,{},KW
7d618e28-116c-477b-b779-8987b9eaf91e,8d6cb3fe-6e3d-4cdc-af60-ea9de938d174,Rashed Al Dosari,Defender,4,,2000-07-17,Kuwait,https://ontmfbptthwipfzlywwh.supabase.co/storage/v1/object/sign/player-photos/81f2944e-73d3-41bc-aed1-e898c5c2dd72.png?token=eyJraWQiOiJzdG9yYWdlLXVybC1zaWduaW5nLWtleV9hODVlNGZkYi1iOWRjLTQ2NWUtOGNiNy0xZjRiZmY0OWJiMjciLCJhbGciOiJIUzI1NiJ9.eyJ1cmwiOiJwbGF5ZXItcGhvdG9zLzgxZjI5NDRlLTczZDMtNDFiYy1hZWQxLWU4OThjNWMyZGQ3Mi5wbmciLCJzY29wZSI6ImRvd25sb2FkIiwiaWF0IjoxNzg2Nzc1MTAwLCJleHAiOjE5NDQ0NTUxMDB9.ApljS7oDdOolcqvUMtLjN5cnda1OKuZimUh-qN8sKw8,2026-08-15 05:52:10.489415+00,2026-08-15 06:25:02.644232+00,312K,{},KW
1b5ac651-11c7-4995-8ed6-6a383e425c63,8d6cb3fe-6e3d-4cdc-af60-ea9de938d174,Mohamed Al Sherifi,Defender,12,,2004-08-06,Kuwait,https://ontmfbptthwipfzlywwh.supabase.co/storage/v1/object/sign/player-photos/ed9dc3cc-57fa-4a64-8af9-576bdcaa5d25.png?token=eyJraWQiOiJzdG9yYWdlLXVybC1zaWduaW5nLWtleV9hODVlNGZkYi1iOWRjLTQ2NWUtOGNiNy0xZjRiZmY0OWJiMjciLCJhbGciOiJIUzI1NiJ9.eyJ1cmwiOiJwbGF5ZXItcGhvdG9zL2VkOWRjM2NjLTU3ZmEtNGE2NC04YWY5LTU3NmJkY2FhNWQyNS5wbmciLCJzY29wZSI6ImRvd25sb2FkIiwiaWF0IjoxNzg2Nzc1MTEzLCJleHAiOjE5NDQ0NTUxMTN9.BqPrnLwh8SPriHxOAhSanc-rX9phWlynBpzPPeOfjBg,2026-08-15 05:54:23.696602+00,2026-08-15 06:25:42.485269+00,,{},KW
9cfc2b35-df5f-4338-b75f-c4183947a8ae,8d6cb3fe-6e3d-4cdc-af60-ea9de938d174,Yousef Al Haqan,Defender,25,,2002-02-04,Kuwait,https://ontmfbptthwipfzlywwh.supabase.co/storage/v1/object/sign/player-photos/c9a0dc3b-0c17-450d-a24b-e85a4a3e73db.png?token=eyJraWQiOiJzdG9yYWdlLXVybC1zaWduaW5nLWtleV9hODVlNGZkYi1iOWRjLTQ2NWUtOGNiNy0xZjRiZmY0OWJiMjciLCJhbGciOiJIUzI1NiJ9.eyJ1cmwiOiJwbGF5ZXItcGhvdG9zL2M5YTBkYzNiLTBjMTctNDUwZC1hMjRiLWU4NWE0YTNlNzNkYi5wbmciLCJzY29wZSI6ImRvd25sb2FkIiwiaWF0IjoxNzg2Nzc1MTYzLCJleHAiOjE5NDQ0NTUxNjN9.ZNQVtfiIhVvHf_x00zLJ2yvyQIWQ-EfwvrwUjPYtfl8,2026-08-15 05:53:12.485853+00,2026-08-15 06:26:06.611552+00,94K,{},KW
eef9bf86-f0b9-427d-9b01-fcf2a19c2ee1,8d6cb3fe-6e3d-4cdc-af60-ea9de938d174,Abdullah Motawe,Midfielder,8,,2005-03-23,Egypt,https://ontmfbptthwipfzlywwh.supabase.co/storage/v1/object/sign/player-photos/2219c63b-1503-444b-9212-f66f0ed923cc.png?token=eyJraWQiOiJzdG9yYWdlLXVybC1zaWduaW5nLWtleV9hODVlNGZkYi1iOWRjLTQ2NWUtOGNiNy0xZjRiZmY0OWJiMjciLCJhbGciOiJIUzI1NiJ9.eyJ1cmwiOiJwbGF5ZXItcGhvdG9zLzIyMTljNjNiLTE1MDMtNDQ0Yi05MjEyLWY2NmYwZWQ5MjNjYy5wbmciLCJzY29wZSI6ImRvd25sb2FkIiwiaWF0IjoxNzg2Nzc1MjA1LCJleHAiOjE5NDQ0NTUyMDV9.ZDt2LgpRXhkezm8OERoJuqqdgkoW-0GokOSXaiIZQIA,2026-08-15 06:00:13.781514+00,2026-08-15 06:26:48.089997+00,,{},EG
1c78889f-2466-4256-b6e6-1e1904aaee58,8d6cb3fe-6e3d-4cdc-af60-ea9de938d174,Eid Al Rashidi,Midfielder,11,175,1999-05-24,Kuwait,https://ontmfbptthwipfzlywwh.supabase.co/storage/v1/object/sign/player-photos/ead66e3f-ef20-4380-ab39-83442a8e61d8.jpeg?token=eyJraWQiOiJzdG9yYWdlLXVybC1zaWduaW5nLWtleV9hODVlNGZkYi1iOWRjLTQ2NWUtOGNiNy0xZjRiZmY0OWJiMjciLCJhbGciOiJIUzI1NiJ9.eyJ1cmwiOiJwbGF5ZXItcGhvdG9zL2VhZDY2ZTNmLWVmMjAtNDM4MC1hYjM5LTgzNDQyYThlNjFkOC5qcGVnIiwic2NvcGUiOiJkb3dubG9hZCIsImlhdCI6MTc4Njc3NTQ0NCwiZXhwIjoxOTQ0NDU1NDQ0fQ.JdgpXfcm94YC7MRotkrhXUNPulaac4Tlbe4X4QJeg40,2026-08-15 05:56:17.96809+00,2026-08-15 06:30:51.372903+00,358K,{},KW
d1b00d06-94e9-4df2-99b5-e2e559634ef2,8d6cb3fe-6e3d-4cdc-af60-ea9de938d174,Abdulaziz Wadi,Midfielder,14,,1998-12-05,Kuwait,https://ontmfbptthwipfzlywwh.supabase.co/storage/v1/object/sign/player-photos/54b83d9f-8741-4e04-8dba-2c440d6b87b4.png?token=eyJraWQiOiJzdG9yYWdlLXVybC1zaWduaW5nLWtleV9hODVlNGZkYi1iOWRjLTQ2NWUtOGNiNy0xZjRiZmY0OWJiMjciLCJhbGciOiJIUzI1NiJ9.eyJ1cmwiOiJwbGF5ZXItcGhvdG9zLzU0YjgzZDlmLTg3NDEtNGUwNC04ZGJhLTJjNDQwZDZiODdiNC5wbmciLCJzY29wZSI6ImRvd25sb2FkIiwiaWF0IjoxNzg2Nzc1NDg5LCJleHAiOjE5NDQ0NTU0ODl9.Ub3w1kH-pdGREo_j8JNckFlkjiqpEvoOMz-dzLqk1TI,2026-08-15 06:04:37.523347+00,2026-08-15 06:31:31.247026+00,89K,{},KW
0aedee28-d340-4d3c-8027-e29474693914,8d6cb3fe-6e3d-4cdc-af60-ea9de938d174,Talal Al Fadhel,Midfielder,31,,1990-08-11,Kuwait,https://ontmfbptthwipfzlywwh.supabase.co/storage/v1/object/sign/player-photos/65739fae-4e3c-4955-bb10-ec7b1f8660f6.png?token=eyJraWQiOiJzdG9yYWdlLXVybC1zaWduaW5nLWtleV9hODVlNGZkYi1iOWRjLTQ2NWUtOGNiNy0xZjRiZmY0OWJiMjciLCJhbGciOiJIUzI1NiJ9.eyJ1cmwiOiJwbGF5ZXItcGhvdG9zLzY1NzM5ZmFlLTRlM2MtNDk1NS1iYjEwLWVjN2IxZjg2NjBmNi5wbmciLCJzY29wZSI6ImRvd25sb2FkIiwiaWF0IjoxNzg2Nzc1NTI5LCJleHAiOjE5NDQ0NTU1Mjl9.Zr9ccjGg7EtICyqHKGHTqVNDhM9aMxrYAN5D7LqWdb8,2026-08-15 06:02:29.797047+00,2026-08-15 06:32:12.478056+00,185K,{},KW
e9a8b667-4be5-4416-831a-afa7cb0b4fbd,8d6cb3fe-6e3d-4cdc-af60-ea9de938d174,Abdulrahman Al Dhaferi,Midfielder,88,172,1997-07-07,Saudi Arabia,https://ontmfbptthwipfzlywwh.supabase.co/storage/v1/object/sign/player-photos/0965db17-ecf2-4c6c-b8c5-a0f32b706291.png?token=eyJraWQiOiJzdG9yYWdlLXVybC1zaWduaW5nLWtleV9hODVlNGZkYi1iOWRjLTQ2NWUtOGNiNy0xZjRiZmY0OWJiMjciLCJhbGciOiJIUzI1NiJ9.eyJ1cmwiOiJwbGF5ZXItcGhvdG9zLzA5NjVkYjE3LWVjZjItNGM2Yy1iOGM1LWEwZjMyYjcwNjI5MS5wbmciLCJzY29wZSI6ImRvd25sb2FkIiwiaWF0IjoxNzg2Nzc1NTUxLCJleHAiOjE5NDQ0NTU1NTF9.KXadJuYqY9qvbPUjMN4cfRGIUliRL84WnYg4p0QqCgE,2026-08-15 06:03:31.762499+00,2026-08-15 06:32:34.256477+00,,{},SA
73ef0e77-b09e-45c1-8636-0d6ee8d6db6d,8d6cb3fe-6e3d-4cdc-af60-ea9de938d174,Abdullah Al Awadhi,Forward,15,187,2002-03-20,Kuwait,https://ontmfbptthwipfzlywwh.supabase.co/storage/v1/object/sign/player-photos/4ef54fef-77e6-442c-8f54-769f5df71942.png?token=eyJraWQiOiJzdG9yYWdlLXVybC1zaWduaW5nLWtleV9hODVlNGZkYi1iOWRjLTQ2NWUtOGNiNy0xZjRiZmY0OWJiMjciLCJhbGciOiJIUzI1NiJ9.eyJ1cmwiOiJwbGF5ZXItcGhvdG9zLzRlZjU0ZmVmLTc3ZTYtNDQyYy04ZjU0LTc2OWY1ZGY3MTk0Mi5wbmciLCJzY29wZSI6ImRvd25sb2FkIiwiaWF0IjoxNzg2Nzc1NjEzLCJleHAiOjE5NDQ0NTU2MTN9.IlrgT9o6uyH8NNQJBTk6JhfwUCPrRJXwaOin-AQIRhc,2026-08-15 06:12:39.875354+00,2026-08-15 06:33:36.22872+00,,{},KW
ba7c2391-4f3c-475c-bd4c-18799629c69f,8d6cb3fe-6e3d-4cdc-af60-ea9de938d174,Bader Al Mutawa,Forward,17,175,1985-01-09,Kuwait,https://ontmfbptthwipfzlywwh.supabase.co/storage/v1/object/sign/player-photos/f4b3e5b5-d6a0-4c2e-b801-c14d222ff3cf.png?token=eyJraWQiOiJzdG9yYWdlLXVybC1zaWduaW5nLWtleV9hODVlNGZkYi1iOWRjLTQ2NWUtOGNiNy0xZjRiZmY0OWJiMjciLCJhbGciOiJIUzI1NiJ9.eyJ1cmwiOiJwbGF5ZXItcGhvdG9zL2Y0YjNlNWI1LWQ2YTAtNGMyZS1iODAxLWMxNGQyMjJmZjNjZi5wbmciLCJzY29wZSI6ImRvd25sb2FkIiwiaWF0IjoxNzg2Nzc1NjI1LCJleHAiOjE5NDQ0NTU2MjV9.PgczA2E9ILWIjDD5FZoBv5qbeG8QN5k_Jlq-lt0wxe0,2026-08-15 06:07:02.52747+00,2026-08-15 06:33:48.414433+00,127K,{},KW
a7d97510-bf16-491c-8097-7ce4476267fe,8d6cb3fe-6e3d-4cdc-af60-ea9de938d174,Athbi Shehab,Forward,18,183,1990-01-01,Kuwait,https://ontmfbptthwipfzlywwh.supabase.co/storage/v1/object/sign/player-photos/56ab3689-1a2f-4fb1-b56e-1fe44d8efcd6.png?token=eyJraWQiOiJzdG9yYWdlLXVybC1zaWduaW5nLWtleV9hODVlNGZkYi1iOWRjLTQ2NWUtOGNiNy0xZjRiZmY0OWJiMjciLCJhbGciOiJIUzI1NiJ9.eyJ1cmwiOiJwbGF5ZXItcGhvdG9zLzU2YWIzNjg5LTFhMmYtNGZiMS1iNTZlLTFmZTQ0ZDhlZmNkNi5wbmciLCJzY29wZSI6ImRvd25sb2FkIiwiaWF0IjoxNzg2Nzc1NjQ5LCJleHAiOjE5NDQ0NTU2NDl9.JyZNdCRxygjsDss6gDyN8PNzaZ39n2IbKRINuEJkoP0,2026-08-15 06:11:31.98831+00,2026-08-15 06:34:15.428046+00,139K,{},KW
b37c751e-6faa-476d-b24e-f924604ae304,8d6cb3fe-6e3d-4cdc-af60-ea9de938d174,Ahmad Boodai,Forward,19,,2006-05-31,Kuwait,https://ontmfbptthwipfzlywwh.supabase.co/storage/v1/object/sign/player-photos/7b2de24c-97a3-4b67-8352-797a80ab0dc2.png?token=eyJraWQiOiJzdG9yYWdlLXVybC1zaWduaW5nLWtleV9hODVlNGZkYi1iOWRjLTQ2NWUtOGNiNy0xZjRiZmY0OWJiMjciLCJhbGciOiJIUzI1NiJ9.eyJ1cmwiOiJwbGF5ZXItcGhvdG9zLzdiMmRlMjRjLTk3YTMtNGI2Ny04MzUyLTc5N2E4MGFiMGRjMi5wbmciLCJzY29wZSI6ImRvd25sb2FkIiwiaWF0IjoxNzg2Nzc1Njc3LCJleHAiOjE5NDQ0NTU2Nzd9.8NeohR1FHeub0Kbxr7Q3Pl_aBEGWaAsoOJz7J0Ek36Q,2026-08-15 06:14:06.455017+00,2026-08-15 06:35:01.443217+00,,{},KW
631c9df4-be14-4b26-9a66-eda9e36de560,4f941a6e-7ce2-416e-b293-7f010c901415,Abdulrahman Al-Fadhli,Goalkeeper,35,,2001-03-23,Kuwait,,2026-08-15 19:04:52.624371+00,2026-08-15 19:04:59.437245+00,168K,{},KW
8023c9ab-bb65-4322-927c-65c0d5c0d68d,4f941a6e-7ce2-416e-b293-7f010c901415,Yousef Al Kandari,Goalkeeper,22,,1999-07-24,Kuwait,,2026-08-15 19:05:47.98459+00,2026-08-15 19:05:47.98459+00,,{},KW
566c692a-5257-4158-947e-3a85b5a49a98,e62bea24-9251-4e69-b03b-b0f3fae6618f,Abdulaziz Al Beshar,Forward,9,,1997-10-11,Kuwait,https://ontmfbptthwipfzlywwh.supabase.co/storage/v1/object/sign/player-photos/8e582a54-9088-4afc-945f-0b06acb26ff9.jpeg?token=eyJraWQiOiJzdG9yYWdlLXVybC1zaWduaW5nLWtleV9hODVlNGZkYi1iOWRjLTQ2NWUtOGNiNy0xZjRiZmY0OWJiMjciLCJhbGciOiJIUzI1NiJ9.eyJ1cmwiOiJwbGF5ZXItcGhvdG9zLzhlNTgyYTU0LTkwODgtNGFmYy05NDVmLTBiMDZhY2IyNmZmOS5qcGVnIiwic2NvcGUiOiJkb3dubG9hZCIsImlhdCI6MTc4NzI1OTY5OSwiZXhwIjoxOTQ0OTM5Njk5fQ.oVA0CmiLF7xtEdXyDi92b_ZxbVFkrISqQN9TeSiV-Qs,2026-08-20 20:08:35.190144+00,2026-08-20 21:01:40.802946+00,,{},KW
28b8b218-cbae-4f13-b2fc-9c1b7b40487f,073cfa17-037f-4b8b-a79a-aeb5dbee9a40,Ahmed Ibrahim,Defender,24,,,Kuwait,,2026-08-21 20:00:55.24412+00,2026-08-21 20:00:56.61973+00,,{},KW
cdfb4cc0-6d63-4c4b-b193-c2098d75029b,666d9085-19bc-476a-a70a-e778d088eb23,Ahmed Al Dali,Midfielder,,,,Syria,,2026-08-21 21:41:06.637451+00,2026-08-21 23:39:32.606838+00,,{},SY
27218b51-d2ed-4d29-bb0a-c91875b47050,c472b627-2652-4874-ba94-d43354397e28,Nawaf Boushal,Defender,12,178,1999-09-16,Saudi Arabia,https://ontmfbptthwipfzlywwh.supabase.co/storage/v1/object/sign/player-photos/ce4cf5a7-b0ad-4f8e-8917-741bea35a912.webp?token=eyJraWQiOiJzdG9yYWdlLXVybC1zaWduaW5nLWtleV9hODVlNGZkYi1iOWRjLTQ2NWUtOGNiNy0xZjRiZmY0OWJiMjciLCJhbGciOiJIUzI1NiJ9.eyJ1cmwiOiJwbGF5ZXItcGhvdG9zL2NlNGNmNWE3LWIwYWQtNGY4ZS04OTE3LTc0MWJlYTM1YTkxMi53ZWJwIiwic2NvcGUiOiJkb3dubG9hZCIsImlhdCI6MTc4Njk0OTExMCwiZXhwIjoxOTQ0NjI5MTEwfQ.WMSQVf9VWQQF9aZB9c-U376gOEayUVgdrA-KUfVIHsU,2026-08-17 06:45:13.3004+00,2026-08-19 02:49:01.698337+00,1700000,{},SA
be27f83e-1b2e-43c4-ae3f-4651f838ba38,c472b627-2652-4874-ba94-d43354397e28,Nawaf Al Aqidi,Goalkeeper,1,188,2000-05-10,Saudi Arabia,https://ontmfbptthwipfzlywwh.supabase.co/storage/v1/object/sign/player-photos/2cbb9bdb-5926-4b64-81ae-d2c23a0d4d54.webp?token=eyJraWQiOiJzdG9yYWdlLXVybC1zaWduaW5nLWtleV9hODVlNGZkYi1iOWRjLTQ2NWUtOGNiNy0xZjRiZmY0OWJiMjciLCJhbGciOiJIUzI1NiJ9.eyJ1cmwiOiJwbGF5ZXItcGhvdG9zLzJjYmI5YmRiLTU5MjYtNGI2NC04MWFlLWQyYzIzYTBkNGQ1NC53ZWJwIiwic2NvcGUiOiJkb3dubG9hZCIsImlhdCI6MTc4NjkzMDI5NSwiZXhwIjoxOTQ0NjEwMjk1fQ.Ln4GggpJvcC6mVeYx21lRrmcIvn0gVy4GIJM5QFk-b4,2026-08-17 01:31:40.620894+00,2026-08-19 02:49:13.153749+00,809K,{},SA
40a44917-40f9-4ad5-aa39-0f0d86e9ab6e,f3c90325-c089-43e6-974e-f87cebff982b,Ali Majrashi,Defender,27,177,1999-12-01,Saudi Arabia,https://ontmfbptthwipfzlywwh.supabase.co/storage/v1/object/sign/player-photos/8a268475-9ce1-4bf3-98e1-a8229bea22b6.webp?token=eyJraWQiOiJzdG9yYWdlLXVybC1zaWduaW5nLWtleV9hODVlNGZkYi1iOWRjLTQ2NWUtOGNiNy0xZjRiZmY0OWJiMjciLCJhbGciOiJIUzI1NiJ9.eyJ1cmwiOiJwbGF5ZXItcGhvdG9zLzhhMjY4NDc1LTljZTEtNGJmMy05OGUxLWE4MjI5YmVhMjJiNi53ZWJwIiwic2NvcGUiOiJkb3dubG9hZCIsImlhdCI6MTc4Njk0ODY0NSwiZXhwIjoxOTQ0NjI4NjQ1fQ.Y04q-0SZGdVvBOa21TDp3SrAJuS6AD4TDa3aK_CGYy8,2026-08-17 06:37:31.842808+00,2026-08-19 02:50:26.66272+00,1700000,{},SA
d0a9e55b-66ec-4030-8fd6-648bac5c15a4,d2cd5bbd-4741-4555-88e8-eec3af4381fb,Mohammed Al Owais,Goalkeeper,33,185,1991-10-10,Saudi Arabia,https://ontmfbptthwipfzlywwh.supabase.co/storage/v1/object/sign/player-photos/ae6fbfa7-e50a-4958-8d8b-9160885b6bc5.webp?token=eyJraWQiOiJzdG9yYWdlLXVybC1zaWduaW5nLWtleV9hODVlNGZkYi1iOWRjLTQ2NWUtOGNiNy0xZjRiZmY0OWJiMjciLCJhbGciOiJIUzI1NiJ9.eyJ1cmwiOiJwbGF5ZXItcGhvdG9zL2FlNmZiZmE3LWU1MGEtNDk1OC04ZDhiLTkxNjA4ODViNmJjNS53ZWJwIiwic2NvcGUiOiJkb3dubG9hZCIsImlhdCI6MTc4NjkyOTg4MCwiZXhwIjoxOTQ0NjA5ODgwfQ.lROCyrSlxnKxy-OSlXkZMare8XN7ITNPu8i1riC1xRk,2026-08-17 01:24:44.002469+00,2026-08-19 02:50:46.100031+00,312K,{},SA
b022f211-917d-4165-9bb0-b1e6c6730cb3,d2cd5bbd-4741-4555-88e8-eec3af4381fb,Moteb Al-Harbi,Defender,24,171,2000-02-19,Saudi Arabia,https://ontmfbptthwipfzlywwh.supabase.co/storage/v1/object/sign/player-photos/93f71452-9863-41ae-a283-7a67c67aece8.webp?token=eyJraWQiOiJzdG9yYWdlLXVybC1zaWduaW5nLWtleV9hODVlNGZkYi1iOWRjLTQ2NWUtOGNiNy0xZjRiZmY0OWJiMjciLCJhbGciOiJIUzI1NiJ9.eyJ1cmwiOiJwbGF5ZXItcGhvdG9zLzkzZjcxNDUyLTk4NjMtNDFhZS1hMjgzLTdhNjdjNjdhZWNlOC53ZWJwIiwic2NvcGUiOiJkb3dubG9hZCIsImlhdCI6MTc4Njk0ODc0MSwiZXhwIjoxOTQ0NjI4NzQxfQ.4A9vb5c6cnojVIfF6gHzDh6k7VJhGrgGFEy94zD7K0w,2026-08-17 06:39:06.230188+00,2026-08-19 02:50:52.641493+00,1600000,{},SA
3c55adb7-3777-4e8f-b0e5-2d7500274d1f,d2cd5bbd-4741-4555-88e8-eec3af4381fb,Ali Lajami,Defender,78,175,1996-04-25,Saudi Arabia,https://ontmfbptthwipfzlywwh.supabase.co/storage/v1/object/sign/player-photos/aa8510c2-d371-4cfe-84dc-1895b2361787.webp?token=eyJraWQiOiJzdG9yYWdlLXVybC1zaWduaW5nLWtleV9hODVlNGZkYi1iOWRjLTQ2NWUtOGNiNy0xZjRiZmY0OWJiMjciLCJhbGciOiJIUzI1NiJ9.eyJ1cmwiOiJwbGF5ZXItcGhvdG9zL2FhODUxMGMyLWQzNzEtNGNmZS04NGRjLTE4OTViMjM2MTc4Ny53ZWJwIiwic2NvcGUiOiJkb3dubG9hZCIsImlhdCI6MTc4Njk0ODgyNSwiZXhwIjoxOTQ0NjI4ODI1fQ.8HR2wXurPfGauy1eLS74nCD_FGRhWzdjVdF4S7jE96s,2026-08-17 06:40:27.995901+00,2026-08-19 02:51:02.576145+00,896000,{},SA
6e2ec124-6188-4f98-b38f-daf8772941f2,d2cd5bbd-4741-4555-88e8-eec3af4381fb,Hassan Tambakti,Defender,87,182,1999-02-09,Saudi Arabia,https://ontmfbptthwipfzlywwh.supabase.co/storage/v1/object/sign/player-photos/09651cf9-225a-4453-9e6a-b294ecabeb2f.webp?token=eyJraWQiOiJzdG9yYWdlLXVybC1zaWduaW5nLWtleV9hODVlNGZkYi1iOWRjLTQ2NWUtOGNiNy0xZjRiZmY0OWJiMjciLCJhbGciOiJIUzI1NiJ9.eyJ1cmwiOiJwbGF5ZXItcGhvdG9zLzA5NjUxY2Y5LTIyNWEtNDQ1My05ZTZhLWIyOTRlY2FiZWIyZi53ZWJwIiwic2NvcGUiOiJkb3dubG9hZCIsImlhdCI6MTc4Njk0ODg3MywiZXhwIjoxOTQ0NjI4ODczfQ.bYEcHaU1LRqQuofRNcxydiehtzcRAxFH3UFV-SkH4oA,2026-08-17 06:41:16.110255+00,2026-08-19 02:51:08.566261+00,2200000,{},SA
0493a4bc-1ae1-4af5-88f2-ca3c50372c7c,50994179-e99e-482e-b78b-079cc1e3c612,Hassan Kadesh,Defender,15,179,1992-09-26,Saudi Arabia,https://ontmfbptthwipfzlywwh.supabase.co/storage/v1/object/sign/player-photos/86c2a9c1-cc0b-4199-bfef-7cec3406b900.webp?token=eyJraWQiOiJzdG9yYWdlLXVybC1zaWduaW5nLWtleV9hODVlNGZkYi1iOWRjLTQ2NWUtOGNiNy0xZjRiZmY0OWJiMjciLCJhbGciOiJIUzI1NiJ9.eyJ1cmwiOiJwbGF5ZXItcGhvdG9zLzg2YzJhOWMxLWNjMGItNDE5OS1iZmVmLTdjZWMzNDA2YjkwMC53ZWJwIiwic2NvcGUiOiJkb3dubG9hZCIsImlhdCI6MTc4Njk0ODU4OSwiZXhwIjoxOTQ0NjI4NTg5fQ.DYTSiO7YlpR2eGNk60SAkpF3lucUZVrAHFCv21H4oC4,2026-08-17 06:36:32.732371+00,2026-08-19 02:52:14.751739+00,289000,{},SA
45d5ec5d-6ca9-4422-a7fd-09bdb802c259,c825a1d4-ad7b-47e3-874d-04ac00a5a874,Ahmed Al Kassar,Goalkeeper,28,187,1991-05-08,Saudi Arabia,https://ontmfbptthwipfzlywwh.supabase.co/storage/v1/object/sign/player-photos/18b8447e-0e00-4350-8af2-ef23940a3d93.webp?token=eyJraWQiOiJzdG9yYWdlLXVybC1zaWduaW5nLWtleV9hODVlNGZkYi1iOWRjLTQ2NWUtOGNiNy0xZjRiZmY0OWJiMjciLCJhbGciOiJIUzI1NiJ9.eyJ1cmwiOiJwbGF5ZXItcGhvdG9zLzE4Yjg0NDdlLTBlMDAtNDM1MC04YWYyLWVmMjM5NDBhM2Q5My53ZWJwIiwic2NvcGUiOiJkb3dubG9hZCIsImlhdCI6MTc4NjkyOTc5OCwiZXhwIjoxOTQ0NjA5Nzk4fQ.Y0P7j2yAB4nGwqJHvU_S5qKTSCLO9ACkYovof9Zyg0k,2026-08-17 01:23:22.837027+00,2026-08-19 02:52:31.046331+00,214K,{},SA
6e4d079f-2ede-47f6-9e1c-9921d8ae565a,c825a1d4-ad7b-47e3-874d-04ac00a5a874,Jehad Thakri,Defender,4,184,2001-07-21,Saudi Arabia,https://ontmfbptthwipfzlywwh.supabase.co/storage/v1/object/sign/player-photos/07c43ff2-bfd5-4ca6-9adc-991993107490.webp?token=eyJraWQiOiJzdG9yYWdlLXVybC1zaWduaW5nLWtleV9hODVlNGZkYi1iOWRjLTQ2NWUtOGNiNy0xZjRiZmY0OWJiMjciLCJhbGciOiJIUzI1NiJ9.eyJ1cmwiOiJwbGF5ZXItcGhvdG9zLzA3YzQzZmYyLWJmZDUtNGNhNi05YWRjLTk5MTk5MzEwNzQ5MC53ZWJwIiwic2NvcGUiOiJkb3dubG9hZCIsImlhdCI6MTc4Njk0ODU0MCwiZXhwIjoxOTQ0NjI4NTQwfQ.SpiTpANiW1J-KJ_oTLB3G8Soe57Kbvpq_W_yZC7AXHY,2026-08-17 06:35:43.919607+00,2026-08-19 02:52:38.049324+00,1500000,{},SA
ff4dbe73-7398-427b-840b-34797f52b967,c825a1d4-ad7b-47e3-874d-04ac00a5a874,Mohammed Abu Al-Shamat,Midfielder,2,170,2002-08-11,Saudi Arabia,https://ontmfbptthwipfzlywwh.supabase.co/storage/v1/object/sign/player-photos/650c074c-6447-479d-ae59-591b55b205a5.webp?token=eyJraWQiOiJzdG9yYWdlLXVybC1zaWduaW5nLWtleV9hODVlNGZkYi1iOWRjLTQ2NWUtOGNiNy0xZjRiZmY0OWJiMjciLCJhbGciOiJIUzI1NiJ9.eyJ1cmwiOiJwbGF5ZXItcGhvdG9zLzY1MGMwNzRjLTY0NDctNDc5ZC1hZTU5LTU5MWI1NWIyMDVhNS53ZWJwIiwic2NvcGUiOiJkb3dubG9hZCIsImlhdCI6MTc4NzAyNjY2NiwiZXhwIjoxOTQ0NzA2NjY2fQ.yWnQruX4AHjLcCos3uWjuoUFK2ix3yYWZghiIPx72WU,2026-08-18 04:17:49.278701+00,2026-08-19 02:53:53.856642+00,2200000,{},SA
8676d0b2-2633-4d48-baae-a9e370366845,2e866844-d752-492c-86e6-ca8bec799bf6,Ala'a Al-Hejji,Midfielder,18,173,1995-12-03,Saudi Arabia,https://ontmfbptthwipfzlywwh.supabase.co/storage/v1/object/sign/player-photos/ebcb7a40-e394-42a4-960d-d34d556b0cb3.webp?token=eyJraWQiOiJzdG9yYWdlLXVybC1zaWduaW5nLWtleV9hODVlNGZkYi1iOWRjLTQ2NWUtOGNiNy0xZjRiZmY0OWJiMjciLCJhbGciOiJIUzI1NiJ9.eyJ1cmwiOiJwbGF5ZXItcGhvdG9zL2ViY2I3YTQwLWUzOTQtNDJhNC05NjBkLWQzNGQ1NTZiMGNiMy53ZWJwIiwic2NvcGUiOiJkb3dubG9hZCIsImlhdCI6MTc4NzAyNjY0MiwiZXhwIjoxOTQ0NzA2NjQyfQ.U0XOj7xGtiprTQPP6_5UT2eox0oZUeD6wXSViEGNKTY,2026-08-18 04:17:24.872476+00,2026-08-19 02:54:06.101294+00,335000,{},SA
4cd28668-c226-407c-a05d-dda5c5fefc13,073cfa17-037f-4b8b-a79a-aeb5dbee9a40,Hashem Adnan,Midfielder,,,1988-06-20,Syria,,2026-08-21 20:12:38.575811+00,2026-08-21 20:12:45.696637+00,,{},SY
8a1d1a7d-c8a9-4658-a3b0-a12743c6f04b,f3c90325-c089-43e6-974e-f87cebff982b,Ziyad Aljohani,Midfielder,30,180,2001-11-11,Saudi Arabia,https://ontmfbptthwipfzlywwh.supabase.co/storage/v1/object/sign/player-photos/02e098e3-aaff-4ccb-b40f-e79d4e9cc11c.webp?token=eyJraWQiOiJzdG9yYWdlLXVybC1zaWduaW5nLWtleV9hODVlNGZkYi1iOWRjLTQ2NWUtOGNiNy0xZjRiZmY0OWJiMjciLCJhbGciOiJIUzI1NiJ9.eyJ1cmwiOiJwbGF5ZXItcGhvdG9zLzAyZTA5OGUzLWFhZmYtNGNjYi1iNDBmLWU3OWQ0ZTljYzExYy53ZWJwIiwic2NvcGUiOiJkb3dubG9hZCIsImlhdCI6MTc4NzAyNjY5MywiZXhwIjoxOTQ0NzA2NjkzfQ.RXKd7-QpqhIRrTLBbQpT3eSB524G2aQ_PmDccczGfqQ,2026-08-18 04:18:16.290943+00,2026-08-19 02:50:07.449221+00,896000,{},SA
a43eca23-1839-4d2f-9216-2b9969ec2415,c825a1d4-ad7b-47e3-874d-04ac00a5a874,Musab Al Juwayr,Midfielder,10,178,2003-06-20,Saudi Arabia,https://ontmfbptthwipfzlywwh.supabase.co/storage/v1/object/sign/player-photos/3d091b25-dda8-4b0c-8e43-e5d80622fb8a.webp?token=eyJraWQiOiJzdG9yYWdlLXVybC1zaWduaW5nLWtleV9hODVlNGZkYi1iOWRjLTQ2NWUtOGNiNy0xZjRiZmY0OWJiMjciLCJhbGciOiJIUzI1NiJ9.eyJ1cmwiOiJwbGF5ZXItcGhvdG9zLzNkMDkxYjI1LWRkYTgtNGIwYy04ZTQzLWU1ZDgwNjIyZmI4YS53ZWJwIiwic2NvcGUiOiJkb3dubG9hZCIsImlhdCI6MTc4NzAyNjcyNSwiZXhwIjoxOTQ0NzA2NzI1fQ.4XV4VsEBRNVvFfEwgWnkQ9U4XPDhIQ1BiOLhv9jQArk,2026-08-18 04:18:47.803496+00,2026-08-19 02:52:53.375679+00,7300000,{},SA
8298195f-3ebf-4178-af50-293c46788166,cf20994b-b762-4041-938e-c47f6dade784,Saud Abdulhamid,Midfielder,23,178,1999-07-18,Saudi Arabia,https://ontmfbptthwipfzlywwh.supabase.co/storage/v1/object/sign/player-photos/c7a6df02-9cce-41f2-956d-387289f26d47.webp?token=eyJraWQiOiJzdG9yYWdlLXVybC1zaWduaW5nLWtleV9hODVlNGZkYi1iOWRjLTQ2NWUtOGNiNy0xZjRiZmY0OWJiMjciLCJhbGciOiJIUzI1NiJ9.eyJ1cmwiOiJwbGF5ZXItcGhvdG9zL2M3YTZkZjAyLTljY2UtNDFmMi05NTZkLTM4NzI4OWYyNmQ0Ny53ZWJwIiwic2NvcGUiOiJkb3dubG9hZCIsImlhdCI6MTc4NzAyNjg1MSwiZXhwIjoxOTQ0NzA2ODUxfQ.VbipJaZNCXzLpkj29YN6jFexharPTNY0DH8IvmQBNO0,2026-08-18 04:20:54.440829+00,2026-08-19 02:54:18.50709+00,9700000,{},SA
72f26fe7-1794-41de-8104-d20506b91682,073cfa17-037f-4b8b-a79a-aeb5dbee9a40,Alvin Mateus Fortes,Forward,,175,1994-05-25,Cape Verde,,2026-08-21 20:16:25.129151+00,2026-08-21 20:16:28.050848+00,,{},CV
8b3971f2-5627-4f35-a51f-b0d128c80b0e,666d9085-19bc-476a-a70a-e778d088eb23,Zakariya Souleymane,Defender,,183,1994-12-28,Niger,,2026-08-21 21:39:18.521336+00,2026-08-21 21:41:12.109264+00,,{},NE
0c533f3c-7933-4db6-a0ee-df45e50387e2,e62bea24-9251-4e69-b03b-b0f3fae6618f,Abdulaziz Al Qattan,Defender,77,,1993-11-05,Kuwait,https://ontmfbptthwipfzlywwh.supabase.co/storage/v1/object/sign/player-photos/861901af-e12c-41ad-9e9e-402943122118.jpeg?token=eyJraWQiOiJzdG9yYWdlLXVybC1zaWduaW5nLWtleV9hODVlNGZkYi1iOWRjLTQ2NWUtOGNiNy0xZjRiZmY0OWJiMjciLCJhbGciOiJIUzI1NiJ9.eyJ1cmwiOiJwbGF5ZXItcGhvdG9zLzg2MTkwMWFmLWUxMmMtNDFhZC05ZTllLTQwMjk0MzEyMjExOC5qcGVnIiwic2NvcGUiOiJkb3dubG9hZCIsImlhdCI6MTc4NzI1OTA5OSwiZXhwIjoxOTQ0OTM5MDk5fQ.jCuxDF3gpBYcwJvVs05X4frqZ8bcRcHFzEwW2ujuiFw,2026-08-20 20:02:17.508007+00,2026-08-20 20:51:42.053645+00,,{},KW
c06761aa-bc43-4bf8-a346-1b2288a6e569,e62bea24-9251-4e69-b03b-b0f3fae6618f,Fahad Al Houli,Midfielder,6,,1997-06-12,Kuwait,https://ontmfbptthwipfzlywwh.supabase.co/storage/v1/object/sign/player-photos/9bcf4eda-1cbc-4e08-b67d-9837e7eb399c.jpeg?token=eyJraWQiOiJzdG9yYWdlLXVybC1zaWduaW5nLWtleV9hODVlNGZkYi1iOWRjLTQ2NWUtOGNiNy0xZjRiZmY0OWJiMjciLCJhbGciOiJIUzI1NiJ9.eyJ1cmwiOiJwbGF5ZXItcGhvdG9zLzliY2Y0ZWRhLTFjYmMtNGUwOC1iNjdkLTk4MzdlN2ViMzk5Yy5qcGVnIiwic2NvcGUiOiJkb3dubG9hZCIsImlhdCI6MTc4NzI1OTEyOSwiZXhwIjoxOTQ0OTM5MTI5fQ.ZsnfcgorP57HEb7cPBNwrYawmpuFi_40nr2cm-ECc6c,2026-08-20 20:06:27.450369+00,2026-08-20 20:52:11.048188+00,,{},KW
f0e86328-bc3c-4334-9477-90bc5b91464e,e62bea24-9251-4e69-b03b-b0f3fae6618f,Mohammed Ruwaee,Midfielder,15,,1996-02-09,Kuwait,https://ontmfbptthwipfzlywwh.supabase.co/storage/v1/object/sign/player-photos/da714183-7664-4906-88d5-7b98b1ecb16f.jpeg?token=eyJraWQiOiJzdG9yYWdlLXVybC1zaWduaW5nLWtleV9hODVlNGZkYi1iOWRjLTQ2NWUtOGNiNy0xZjRiZmY0OWJiMjciLCJhbGciOiJIUzI1NiJ9.eyJ1cmwiOiJwbGF5ZXItcGhvdG9zL2RhNzE0MTgzLTc2NjQtNDkwNi04OGQ1LTdiOThiMWVjYjE2Zi5qcGVnIiwic2NvcGUiOiJkb3dubG9hZCIsImlhdCI6MTc4NzI1OTU5MiwiZXhwIjoxOTQ0OTM5NTkyfQ.59W1nSuMJ0z3mt4ZSghsn3UDxnC8V2YZskIPi0ni4sw,2026-08-20 20:05:45.830841+00,2026-08-20 20:59:54.945659+00,,{},KW
40ea6767-6f95-4ec0-ab54-7cb0697b3366,e62bea24-9251-4e69-b03b-b0f3fae6618f,Bruno Domingues,Midfielder,55,178,1996-09-09,Brazil,https://ontmfbptthwipfzlywwh.supabase.co/storage/v1/object/sign/player-photos/9763d91d-9aa3-4c3c-80aa-ad1b44f995b6.jpeg?token=eyJraWQiOiJzdG9yYWdlLXVybC1zaWduaW5nLWtleV9hODVlNGZkYi1iOWRjLTQ2NWUtOGNiNy0xZjRiZmY0OWJiMjciLCJhbGciOiJIUzI1NiJ9.eyJ1cmwiOiJwbGF5ZXItcGhvdG9zLzk3NjNkOTFkLTlhYTMtNGMzYy04MGFhLWFkMWI0NGY5OTViNi5qcGVnIiwic2NvcGUiOiJkb3dubG9hZCIsImlhdCI6MTc4NzI1OTY3NywiZXhwIjoxOTQ0OTM5Njc3fQ.iK1CGuGarLm-sMaMNfBlqQQ96I1b4Gqxv9Xq6HwOb0g,2026-08-20 20:07:53.85013+00,2026-08-20 21:01:19.912965+00,250000,{},BR
8078e2fb-ff5d-4a2b-95a3-5e8736fb7aed,e62bea24-9251-4e69-b03b-b0f3fae6618f,Welves Damacena,Forward,20,170,2000-11-24,Brazil,https://ontmfbptthwipfzlywwh.supabase.co/storage/v1/object/sign/player-photos/015ba50c-c9b7-4011-ba8f-6040f76beaa2.jpeg?token=eyJraWQiOiJzdG9yYWdlLXVybC1zaWduaW5nLWtleV9hODVlNGZkYi1iOWRjLTQ2NWUtOGNiNy0xZjRiZmY0OWJiMjciLCJhbGciOiJIUzI1NiJ9.eyJ1cmwiOiJwbGF5ZXItcGhvdG9zLzAxNWJhNTBjLWM5YjctNDAxMS1iYThmLTYwNDBmNzZiZWFhMi5qcGVnIiwic2NvcGUiOiJkb3dubG9hZCIsImlhdCI6MTc4NzI1OTcyOSwiZXhwIjoxOTQ0OTM5NzI5fQ.Pu3Zr_KvtAad0WVmDcMMmjdhlQ3OTqD0V1n1a-JO06Y,2026-08-20 20:10:05.757835+00,2026-08-20 21:02:12.021944+00,160000,{},BR
57f8e0d7-802c-4305-ba05-fce0bbded0b2,e62bea24-9251-4e69-b03b-b0f3fae6618f,Daniel Silva Santos,Forward,21,173,2000-08-30,Brazil,https://ontmfbptthwipfzlywwh.supabase.co/storage/v1/object/sign/player-photos/4c1f4dfc-88be-40d1-ab0e-081565f7a87f.jpeg?token=eyJraWQiOiJzdG9yYWdlLXVybC1zaWduaW5nLWtleV9hODVlNGZkYi1iOWRjLTQ2NWUtOGNiNy0xZjRiZmY0OWJiMjciLCJhbGciOiJIUzI1NiJ9.eyJ1cmwiOiJwbGF5ZXItcGhvdG9zLzRjMWY0ZGZjLTg4YmUtNDBkMS1hYjBlLTA4MTU2NWY3YTg3Zi5qcGVnIiwic2NvcGUiOiJkb3dubG9hZCIsImlhdCI6MTc4NzI1OTc0NywiZXhwIjoxOTQ0OTM5NzQ3fQ.M_8kiW3jS5FBkIgSAh2H5xx88KF4dn95Wh-SKuYARsk,2026-08-20 20:09:54.860131+00,2026-08-20 21:02:29.724659+00,24000,{},BR
05bb9c72-0146-47ed-9bcc-13a9b4bbd46c,073cfa17-037f-4b8b-a79a-aeb5dbee9a40,Hussain Dashti,Defender,,,1996-01-23,Kuwait,,2026-08-21 20:01:11.070693+00,2026-08-21 20:01:13.392731+00,,{},KW
a41219c8-7e71-4c78-aa89-71d03ab67141,666d9085-19bc-476a-a70a-e778d088eb23,Abdulmohsen Al Ajmi,Midfielder,,,1998-04-09,Kuwait,,2026-08-21 21:50:54.663954+00,2026-08-21 23:39:46.660635+00,,{},KW
f08867ef-2006-49a8-9796-ca3b0b356d78,666d9085-19bc-476a-a70a-e778d088eb23,Fawaz Al Khaldi,Defender,,,2002-09-20,Kuwait,,2026-08-21 21:46:24.083709+00,2026-08-21 23:38:51.449204+00,,{},KW
e493358e-4174-4419-afbd-79a11759722e,666d9085-19bc-476a-a70a-e778d088eb23,Ahmad Raheel Al Dhufairi,Defender,,178,1996-02-21,Kuwait,,2026-08-21 21:47:40.445943+00,2026-08-21 23:39:11.1309+00,,{},KW
48a18e37-df96-4c91-bc35-fb29eabdeae4,666d9085-19bc-476a-a70a-e778d088eb23,Hassan Hassoun Al Shammari,Forward,,,2001-03-17,Kuwait,,2026-08-21 21:49:58.816863+00,2026-08-21 23:39:56.844369+00,,{},KW
4a4ec356-f7fc-43cb-b052-013d24eacfdd,666d9085-19bc-476a-a70a-e778d088eb23,Bandar Faisal Al Azmi,Forward,,,,Kuwait,,2026-08-21 21:48:32.716809+00,2026-08-21 23:40:03.675194+00,,{},KW
2ce90ae8-7b6b-4313-ace5-6280ad02e3b0,666d9085-19bc-476a-a70a-e778d088eb23,Abdulrahman Al Rashidi,Forward,,,2004-01-12,Kuwait,,2026-08-21 21:44:13.666926+00,2026-08-21 23:40:10.097148+00,,{},KW
3fe6ad3f-2616-4557-b088-8103f4ea9826,e62bea24-9251-4e69-b03b-b0f3fae6618f,Abdullah Eissa,Goalkeeper,36,,1991-12-10,Kuwait,https://ontmfbptthwipfzlywwh.supabase.co/storage/v1/object/sign/player-photos/faa36629-a900-418b-9d3d-b76ec1bd15c2.jpeg?token=eyJraWQiOiJzdG9yYWdlLXVybC1zaWduaW5nLWtleV9hODVlNGZkYi1iOWRjLTQ2NWUtOGNiNy0xZjRiZmY0OWJiMjciLCJhbGciOiJIUzI1NiJ9.eyJ1cmwiOiJwbGF5ZXItcGhvdG9zL2ZhYTM2NjI5LWE5MDAtNDE4Yi05ZDNkLWI3NmVjMWJkMTVjMi5qcGVnIiwic2NvcGUiOiJkb3dubG9hZCIsImlhdCI6MTc4NzI1ODgyOCwiZXhwIjoxOTQ0OTM4ODI4fQ.ARqZd2Rt8Uhq2bfMQRVTYKBZ9-28xSt29Uhv6bzQVbU,2026-08-20 19:58:03.074313+00,2026-08-20 20:47:11.903572+00,,{},KW
47b7e1ea-201c-4039-8df7-e75f882de7c3,073cfa17-037f-4b8b-a79a-aeb5dbee9a40,Fahad Al Subaie,Defender,,,,Kuwait,,2026-08-21 20:03:21.72757+00,2026-08-21 20:03:22.506156+00,,{},KW
4151d703-9d1e-4a26-9904-4ca9251cc4cd,c472b627-2652-4874-ba94-d43354397e28,Abdulelah Al-Amri,Defender,5,185,1997-01-15,Saudi Arabia,https://ontmfbptthwipfzlywwh.supabase.co/storage/v1/object/sign/player-photos/ba2fbb33-f5b9-409b-beea-03f4eda66d8b.webp?token=eyJraWQiOiJzdG9yYWdlLXVybC1zaWduaW5nLWtleV9hODVlNGZkYi1iOWRjLTQ2NWUtOGNiNy0xZjRiZmY0OWJiMjciLCJhbGciOiJIUzI1NiJ9.eyJ1cmwiOiJwbGF5ZXItcGhvdG9zL2JhMmZiYjMzLWY1YjktNDA5Yi1iZWVhLTAzZjRlZGE2NmQ4Yi53ZWJwIiwic2NvcGUiOiJkb3dubG9hZCIsImlhdCI6MTc4Njk0OTE3NSwiZXhwIjoxOTQ0NjI5MTc1fQ.sTb0sT_3q6b41ZEwrD4FQvZw7u0rWKuO8-Rdz8-d5-4,2026-08-17 06:46:18.519647+00,2026-08-19 02:48:33.50411+00,1700000,{},SA
15754619-e8ea-46f0-9b13-072520ec494c,c472b627-2652-4874-ba94-d43354397e28,Abdullah Al-Hamdan,Forward,9,185,1999-09-12,Saudi Arabia,https://ontmfbptthwipfzlywwh.supabase.co/storage/v1/object/sign/player-photos/fba01004-bd3a-4bf8-a5cc-c6a090237d71.webp?token=eyJraWQiOiJzdG9yYWdlLXVybC1zaWduaW5nLWtleV9hODVlNGZkYi1iOWRjLTQ2NWUtOGNiNy0xZjRiZmY0OWJiMjciLCJhbGciOiJIUzI1NiJ9.eyJ1cmwiOiJwbGF5ZXItcGhvdG9zL2ZiYTAxMDA0LWJkM2EtNGJmOC1hNWNjLWM2YTA5MDIzN2Q3MS53ZWJwIiwic2NvcGUiOiJkb3dubG9hZCIsImlhdCI6MTc4NzAyNzUwMywiZXhwIjoxOTQ0NzA3NTAzfQ.YKqsrvVtyzlatukgd01-g8JRTVfpDtx1GmjQ_YS_UN4,2026-08-18 04:31:46.303035+00,2026-08-19 02:48:37.290974+00,416000,{},SA
615d4849-aaca-4493-8525-6ba02527eec0,c472b627-2652-4874-ba94-d43354397e28,Abdullah Al-Khaibari,Midfielder,17,178,1996-08-16,Saudi Arabia,https://ontmfbptthwipfzlywwh.supabase.co/storage/v1/object/sign/player-photos/59f17ce4-a16d-45ff-b6ee-284ee66eda6a.webp?token=eyJraWQiOiJzdG9yYWdlLXVybC1zaWduaW5nLWtleV9hODVlNGZkYi1iOWRjLTQ2NWUtOGNiNy0xZjRiZmY0OWJiMjciLCJhbGciOiJIUzI1NiJ9.eyJ1cmwiOiJwbGF5ZXItcGhvdG9zLzU5ZjE3Y2U0LWExNmQtNDVmZi1iNmVlLTI4NGVlNjZlZGE2YS53ZWJwIiwic2NvcGUiOiJkb3dubG9hZCIsImlhdCI6MTc4NzAyNjc2NCwiZXhwIjoxOTQ0NzA2NzY0fQ.N9W6a0DI1xxkdHHBqH5JWZIMIUeHw2sX9mr3B9NLmdQ,2026-08-18 04:19:35.920059+00,2026-08-19 02:48:41.128541+00,786000,{},SA
845b41dd-88c4-4c42-84de-384698d72d34,c472b627-2652-4874-ba94-d43354397e28,Ayman Yahya,Midfielder,23,168,2001-05-14,Saudi Arabia,https://ontmfbptthwipfzlywwh.supabase.co/storage/v1/object/sign/player-photos/498242e4-73d4-49e9-8d7b-757a16f01063.webp?token=eyJraWQiOiJzdG9yYWdlLXVybC1zaWduaW5nLWtleV9hODVlNGZkYi1iOWRjLTQ2NWUtOGNiNy0xZjRiZmY0OWJiMjciLCJhbGciOiJIUzI1NiJ9.eyJ1cmwiOiJwbGF5ZXItcGhvdG9zLzQ5ODI0MmU0LTczZDQtNDllOS04ZDdiLTc1N2ExNmYwMTA2My53ZWJwIiwic2NvcGUiOiJkb3dubG9hZCIsImlhdCI6MTc4NzAyNjc5NiwiZXhwIjoxOTQ0NzA2Nzk2fQ.8ag_RrwVGVWepaa3KTj1T7oSBqsYBufhnPRqLiNEUkM,2026-08-18 04:19:58.248123+00,2026-08-19 02:48:45.411324+00,1400000,{},SA
fffa3680-98f7-4979-9be1-99b9135f1e00,f3c90325-c089-43e6-974e-f87cebff982b,Firas Al-Buraikan,Forward,9,181,2000-05-14,Saudi Arabia,https://ontmfbptthwipfzlywwh.supabase.co/storage/v1/object/sign/player-photos/c5e42834-05c6-4535-b89a-fc2c23b6d44d.webp?token=eyJraWQiOiJzdG9yYWdlLXVybC1zaWduaW5nLWtleV9hODVlNGZkYi1iOWRjLTQ2NWUtOGNiNy0xZjRiZmY0OWJiMjciLCJhbGciOiJIUzI1NiJ9.eyJ1cmwiOiJwbGF5ZXItcGhvdG9zL2M1ZTQyODM0LTA1YzYtNDUzNS1iODlhLWZjMmMyM2I2ZDQ0ZC53ZWJwIiwic2NvcGUiOiJkb3dubG9hZCIsImlhdCI6MTc4NzAyNzQ4NywiZXhwIjoxOTQ0NzA3NDg3fQ.EAsMyM3XP75MQgG722FA0A2bC0hHznjFxnRxO1iy3Ws,2026-08-18 04:31:31.154052+00,2026-08-19 02:49:51.725646+00,3800000,{},SA
84a345ea-f2c8-41ea-bf7c-4588914adf8d,d2cd5bbd-4741-4555-88e8-eec3af4381fb,Nasser Al-Dawsari,Midfielder,6,178,1998-12-19,Saudi Arabia,https://ontmfbptthwipfzlywwh.supabase.co/storage/v1/object/sign/player-photos/c6c4f5b5-8543-49a7-89c3-3bfbb3983574.webp?token=eyJraWQiOiJzdG9yYWdlLXVybC1zaWduaW5nLWtleV9hODVlNGZkYi1iOWRjLTQ2NWUtOGNiNy0xZjRiZmY0OWJiMjciLCJhbGciOiJIUzI1NiJ9.eyJ1cmwiOiJwbGF5ZXItcGhvdG9zL2M2YzRmNWI1LTg1NDMtNDlhNy04OWMzLTNiZmJiMzk4MzU3NC53ZWJwIiwic2NvcGUiOiJkb3dubG9hZCIsImlhdCI6MTc4NzAyNjc0MywiZXhwIjoxOTQ0NzA2NzQzfQ.Ogf0ykcS2nt_dWFBrZtjcF0e41ywvtYthKJcHQGWLOo,2026-08-18 04:19:05.604398+00,2026-08-19 02:51:16.474738+00,1000000,{},SA
4fbdf079-11c8-4f03-9f58-e1546a534a2d,d2cd5bbd-4741-4555-88e8-eec3af4381fb,Mohamed Kanno,Midfielder,28,191,1994-09-22,Saudi Arabia,https://ontmfbptthwipfzlywwh.supabase.co/storage/v1/object/sign/player-photos/4e88982e-4da3-4011-b0d8-07fa55246f8a.webp?token=eyJraWQiOiJzdG9yYWdlLXVybC1zaWduaW5nLWtleV9hODVlNGZkYi1iOWRjLTQ2NWUtOGNiNy0xZjRiZmY0OWJiMjciLCJhbGciOiJIUzI1NiJ9.eyJ1cmwiOiJwbGF5ZXItcGhvdG9zLzRlODg5ODJlLTRkYTMtNDAxMS1iMGQ4LTA3ZmE1NTI0NmY4YS53ZWJwIiwic2NvcGUiOiJkb3dubG9hZCIsImlhdCI6MTc4NzAyNjgxNSwiZXhwIjoxOTQ0NzA2ODE1fQ.bUQ2Q6hE-839txVVfdFhtudBNaBVO_DKa1CliTddais,2026-08-18 04:20:17.789594+00,2026-08-19 02:51:23.900873+00,954000,{},SA
8b69fa18-792e-4b21-85c8-acc054088396,d2cd5bbd-4741-4555-88e8-eec3af4381fb,Salem Al-Dawsari,Midfielder,29,171,1991-08-19,Saudi Arabia,https://ontmfbptthwipfzlywwh.supabase.co/storage/v1/object/sign/player-photos/493f2e36-a3b7-4cf6-9342-f5cddddf5788.webp?token=eyJraWQiOiJzdG9yYWdlLXVybC1zaWduaW5nLWtleV9hODVlNGZkYi1iOWRjLTQ2NWUtOGNiNy0xZjRiZmY0OWJiMjciLCJhbGciOiJIUzI1NiJ9.eyJ1cmwiOiJwbGF5ZXItcGhvdG9zLzQ5M2YyZTM2LWEzYjctNGNmNi05MzQyLWY1Y2RkZGRmNTc4OC53ZWJwIiwic2NvcGUiOiJkb3dubG9hZCIsImlhdCI6MTc4NzAyNjgzNCwiZXhwIjoxOTQ0NzA2ODM0fQ.NRsQf8B2Nr_PMdcXjSijvPyNClxD2R1lowr6PVcBs-U,2026-08-18 04:20:38.446782+00,2026-08-19 02:51:33.245406+00,1400000,{},SA
edde0746-956c-4f50-9073-93bded800feb,d2cd5bbd-4741-4555-88e8-eec3af4381fb,Sultan Mandash,Forward,27,172,1994-10-17,Saudi Arabia,https://ontmfbptthwipfzlywwh.supabase.co/storage/v1/object/sign/player-photos/799076a8-ae76-461f-887b-3ba8df158c29.webp?token=eyJraWQiOiJzdG9yYWdlLXVybC1zaWduaW5nLWtleV9hODVlNGZkYi1iOWRjLTQ2NWUtOGNiNy0xZjRiZmY0OWJiMjciLCJhbGciOiJIUzI1NiJ9.eyJ1cmwiOiJwbGF5ZXItcGhvdG9zLzc5OTA3NmE4LWFlNzYtNDYxZi04ODdiLTNiYThkZjE1OGMyOS53ZWJwIiwic2NvcGUiOiJkb3dubG9hZCIsImlhdCI6MTc4NzAyNzQ0NywiZXhwIjoxOTQ0NzA3NDQ3fQ.TeK5QUV25fwTUqivzgxYuv1niJFOLXP1dCFeNptb8JY,2026-08-18 04:30:50.310265+00,2026-08-19 02:51:41.565173+00,393000,{},SA
6921f14c-74fe-417c-a5c9-6519fec3b3a8,50994179-e99e-482e-b78b-079cc1e3c612,Saleh Al-Shehri,Forward,11,184,1993-11-01,Saudi Arabia,https://ontmfbptthwipfzlywwh.supabase.co/storage/v1/object/sign/player-photos/aa169916-0308-41ea-98cd-ebfa7d1066f9.webp?token=eyJraWQiOiJzdG9yYWdlLXVybC1zaWduaW5nLWtleV9hODVlNGZkYi1iOWRjLTQ2NWUtOGNiNy0xZjRiZmY0OWJiMjciLCJhbGciOiJIUzI1NiJ9.eyJ1cmwiOiJwbGF5ZXItcGhvdG9zL2FhMTY5OTE2LTAzMDgtNDFlYS05OGNkLWViZmE3ZDEwNjZmOS53ZWJwIiwic2NvcGUiOiJkb3dubG9hZCIsImlhdCI6MTc4NzAyNzQ2NCwiZXhwIjoxOTQ0NzA3NDY0fQ.-dn-liCs-d0IYoRxR8GTIvw5aLBokssmX1WgfAPLCLs,2026-08-18 04:31:06.872509+00,2026-08-19 02:52:01.821353+00,561000,{},SA
c70bef9b-9bff-4ead-81e9-13a14ef691c9,d2d7eea2-829a-4c25-ab58-6ef58e1423c3,Khalid Al-Ghannam,Forward,7,171,2000-11-08,Saudi Arabia,https://ontmfbptthwipfzlywwh.supabase.co/storage/v1/object/sign/player-photos/0fdd7422-8071-45c9-ae54-84688f31bbc9.webp?token=eyJraWQiOiJzdG9yYWdlLXVybC1zaWduaW5nLWtleV9hODVlNGZkYi1iOWRjLTQ2NWUtOGNiNy0xZjRiZmY0OWJiMjciLCJhbGciOiJIUzI1NiJ9.eyJ1cmwiOiJwbGF5ZXItcGhvdG9zLzBmZGQ3NDIyLTgwNzEtNDVjOS1hZTU0LTg0Njg4ZjMxYmJjOS53ZWJwIiwic2NvcGUiOiJkb3dubG9hZCIsImlhdCI6MTc4NzAyNzQxNCwiZXhwIjoxOTQ0NzA3NDE0fQ.KusfzL3UmuSYCYwlXqLllj6-4-ZH7mZgORKc3PrpnVw,2026-08-18 04:30:30.670629+00,2026-08-19 02:53:22.689044+00,2700000,{},SA
e5964f3a-ec51-42ac-a849-1fa0eb502410,c472b627-2652-4874-ba94-d43354397e28,Cristiano Ronaldo,Forward,7,188,1985-02-05,Portugal,https://ontmfbptthwipfzlywwh.supabase.co/storage/v1/object/sign/player-photos/65826ada-09aa-4bd2-be72-f7bb56a4abc5.webp?token=eyJraWQiOiJzdG9yYWdlLXVybC1zaWduaW5nLWtleV9hODVlNGZkYi1iOWRjLTQ2NWUtOGNiNy0xZjRiZmY0OWJiMjciLCJhbGciOiJIUzI1NiJ9.eyJ1cmwiOiJwbGF5ZXItcGhvdG9zLzY1ODI2YWRhLTA5YWEtNGJkMi1iZTcyLWY3YmI1NmE0YWJjNS53ZWJwIiwic2NvcGUiOiJkb3dubG9hZCIsImlhdCI6MTc4NzEwODE4MiwiZXhwIjoxOTQ0Nzg4MTgyfQ.2-3t2W47cS6_fIz8og7I7y4pwy2l5aF4oqk4n3YfSZw,2026-08-19 02:56:26.167441+00,2026-08-19 02:56:26.167441+00,10400000,{},PT
c478865d-9ce8-4ecd-b09b-1ab5ad8d2a2c,666d9085-19bc-476a-a70a-e778d088eb23,Naif Al Azmi,Goalkeeper,,,,Kuwait,,2026-08-21 21:43:20.978404+00,2026-08-21 23:37:51.077889+00,,{},KW
